university_id,new_course_id,new_course_name,new_course_name_key,new_course_name_stem,new_course_credits,new_course_requirement_type_id,new_course_degree_ids,new_course_family_count,new_course_scope,new_course_valid_rows,old_course_id,old_course_name,old_course_name_key,old_course_credits,credit_change,credit_changed,requirement_type_changed,old_course_degree_ids,old_course_train_support,old_course_train_pass_rate,old_course_train_avg_mark,predecessor_rank,predecessor_count_for_new_course,relationship_type,weight_hint,match_method,scope_confidence,lineage_scope_used,lineage_rank_matched,effective_from_part_id,approval_status,notes,review_decision,reviewer_name,review_date,review_notes
111,99.111,سلوك المستهلك,سلوك مستهلك,سلوك مستهلك,3.0,5,7.111,1,specific,46,,,,,,unknown,unknown,,,,,,0,none,,none,,7.111,,20221,pending,No TRAIN-present normalized-name predecessor exists in the catalog after structural exclusions.,,,,
111,101.111,إدارة المشتريات والتخزين,اداره مشتريات والتخزين,اداره مشتريات والتخزين,3.0,5,7.111|9.111,2,specific,50,,,,,,unknown,unknown,,,,,,0,none,,none,,7.111,,20221,pending,No TRAIN-present normalized-name predecessor exists in the catalog after structural exclusions.,,,,
111,102.111,التسويق المباشر,تسويق مباشر,تسويق مباشر,3.0,5,7.111,1,specific,32,,,,,,unknown,unknown,,,,,,0,none,,none,,7.111,,20221,pending,No TRAIN-present normalized-name predecessor exists in the catalog after structural exclusions.,,,,
111,103.111,تسويق الخدمات,تسويق خدمات,تسويق خدمات,3.0,5,7.111|9.111,2,specific,54,,,,,,unknown,unknown,,,,,,0,none,,none,,7.111,,20221,pending,No TRAIN-present normalized-name predecessor exists in the catalog after structural exclusions.,,,,
111,104.111,إدارة النقل,اداره نقل,اداره نقل,3.0,5,7.111,1,specific,51,,,,,,unknown,unknown,,,,,,0,none,,none,,7.111,,20222,pending,No TRAIN-present normalized-name predecessor exists in the catalog after structural exclusions.,,,,
111,105.111,ادارة  الترويج والاعلان,اداره ترويج والاعلان,اداره ترويج والاعلان,3.0,5,7.111,1,specific,48,,,,,,unknown,unknown,,,,,,0,none,,none,,7.111,,20222,pending,No TRAIN-present normalized-name predecessor exists in the catalog after structural exclusions.,,,,
111,106.111,إدارة العلاقة مع الزبائن,اداره علاقه مع زباين,اداره علاقه مع زباين,3.0,5,7.111|9.111,2,specific,49,,,,,,unknown,unknown,,,,,,0,none,,none,,7.111,,20222,pending,No TRAIN-present normalized-name predecessor exists in the catalog after structural exclusions.,,,,
111,107.111,تصميم المنتج والتسعير,تصميم منتج والتسعير,تصميم منتج والتسعير,3.0,5,7.111,1,specific,46,,,,,,unknown,unknown,,,,,,0,none,,none,,7.111,,20222,pending,No TRAIN-present normalized-name predecessor exists in the catalog after structural exclusions.,,,,
111,108.111,بحوث ونظم المعلومات التسويقية,بحوث ونظم معلومات تسويقيه,بحوث ونظم معلومات تسويقيه,3.0,5,7.111,1,specific,23,,,,,,unknown,unknown,,,,,,0,none,,none,,7.111,,20232,pending,No TRAIN-present normalized-name predecessor exists in the catalog after structural exclusions.,,,,
111,109.111,إدارة التجزئة,اداره تجزيه,اداره تجزيه,3.0,5,7.111,1,specific,32,,,,,,unknown,unknown,,,,,,0,none,,none,,7.111,,20231,pending,No TRAIN-present normalized-name predecessor exists in the catalog after structural exclusions.,,,,
111,110.111,قنوات التوزيع,قنوات توزيع,قنوات توزيع,3.0,5,7.111,1,specific,21,,,,,,unknown,unknown,,,,,,0,none,,none,,7.111,,20223,pending,No TRAIN-present normalized-name predecessor exists in the catalog after structural exclusions.,,,,
111,111.111,التسويق الدولي,تسويق دولي,تسويق دولي,3.0,5,7.111,1,specific,14,,,,,,unknown,unknown,,,,,,0,none,,none,,7.111,,20223,pending,No TRAIN-present normalized-name predecessor exists in the catalog after structural exclusions.,,,,
111,113.111,إدارة العلامة التجارية,اداره علامه تجاريه,اداره علامه تجاريه,3.0,6,7.111,1,specific,7,,,,,,unknown,unknown,,,,,,0,none,,none,,7.111,,20233,pending,No TRAIN-present normalized-name predecessor exists in the catalog after structural exclusions.,,,,
111,114.111,التسويق الالكتروني,تسويق الكتروني,تسويق الكتروني,3.0,5,7.111,1,specific,15,,,,,,unknown,unknown,,,,,,0,none,,none,,7.111,,20232,pending,No TRAIN-present normalized-name predecessor exists in the catalog after structural exclusions.,,,,
111,115.111,التسويق الاستراتيجي,تسويق استراتيجي,تسويق استراتيجي,3.0,5,7.111,1,specific,11,,,,,,unknown,unknown,,,,,,0,none,,none,,7.111,,20231,pending,No TRAIN-present normalized-name predecessor exists in the catalog after structural exclusions.,,,,
111,116.111,اتخاذ القرار اللوجستي,اتخاذ قرار لوجستي,اتخاذ قرار لوجستي,3.0,5,7.111,1,specific,25,,,,,,unknown,unknown,,,,,,0,none,,none,,7.111,,20231,pending,No TRAIN-present normalized-name predecessor exists in the catalog after structural exclusions.,,,,
111,117.111,مشروع تخرج في التسويق,مشروع تخرج في تسويق,مشروع تخرج في تسويق,4.0,5,7.111,1,specific,5,,,,,,unknown,unknown,,,,,,0,none,,none,,7.111,,20232,pending,No TRAIN-present normalized-name predecessor exists in the catalog after structural exclusions.,,,,
111,447.111,الذكاء الصنعي المتقدم,ذكاء صنعي متقدم,ذكاء صنعي متقدم,3.0,6,4.111,1,specific,10,,,,,,unknown,unknown,,,,,,0,none,,none,,4.111,,20221,pending,No TRAIN-present normalized-name predecessor exists in the catalog after structural exclusions.,,,,
111,489.111,الآلات الكهربائية,الات كهرباييه,الات كهرباييه,3.0,6,5.111|6.111,2,specific,84,,,,,,unknown,unknown,,,,,,0,none,,none,,5.111|6.111,,20221,pending,No TRAIN-present normalized-name predecessor exists in the catalog after structural exclusions.,,,,
111,492.111,بنيان الحواسيب المتقدم,بنيان حواسيب متقدم,بنيان حواسيب متقدم,3.0,6,5.111,1,specific,8,,,,,,unknown,unknown,,,,,,0,none,,none,,5.111,,20231,pending,No TRAIN-present normalized-name predecessor exists in the catalog after structural exclusions.,,,,
111,1163.111,الإنكليزية للمهندسين,انكليزيه للمهندسين,انكليزيه للمهندسين,2.0,3,26.111|27.111|29.111|30.111|31.111|45.111|46.111|47.111|48.111|49.111,3,specific,76,,,,,,unknown,unknown,,,,,,0,none,,none,,3.111|4.111|5.111|6.111,,20222,pending,No TRAIN-present normalized-name predecessor exists in the catalog after structural exclusions.,,,,
111,1164.111,التحليل العددي,تحليل عددي,تحليل عددي,3.0,3,26.111|27.111|29.111|30.111|31.111|45.111|46.111|47.111|48.111|49.111,3,specific,185,503.111,التحليل العددي,تحليل عددي,3.0,0.0,false,false,3.111|4.111|5.111|6.111|21.111,1031,0.8923375363724539,68.89427740058196,1,1,successor,1.0,name_key_union_lineage,in_lineage,3.111|4.111|5.111|6.111,1,20221,pending,TRAIN-supported normalized-name match is catalogued inside the corrected union lineage scope; proposal remains pending.,,,,
111,1165.111,مهارات التواصل,مهارات تواصل,مهارات تواصل,2.0,4,26.111|27.111|29.111|30.111|31.111|45.111|46.111|47.111|48.111|49.111,3,specific,21,439.111,مهارات تواصل,مهارات تواصل,2.0,0.0,false,false,3.111|4.111|5.111|6.111|21.111,825,0.9212121212121213,69.15272727272728,1,1,successor,1.0,name_key_union_lineage,in_lineage,3.111|4.111|5.111|6.111,1,20221,pending,TRAIN-supported normalized-name match is catalogued inside the corrected union lineage scope; proposal remains pending.,,,,
111,1165.111,مهارات التواصل,مهارات تواصل,مهارات تواصل,2.0,4,26.111|27.111|29.111|30.111|31.111|45.111|46.111|47.111|48.111|49.111,3,specific,21,662.111,مهارات التواصل,مهارات تواصل,2.0,0.0,false,true,2.111|41.111,1596,0.9210526315789473,72.77506265664161,2,1,name_only_review_candidate,,cross_faculty_name_only_review_candidate,cross_faculty,3.111|4.111|5.111|6.111,,20221,pending,Normalized-name match lies outside lineage scope and has no TRAIN/VALID faculty intersection; visible and unweighted.,,,,
111,1165.111,مهارات التواصل,مهارات تواصل,مهارات تواصل,2.0,4,26.111|27.111|29.111|30.111|31.111|45.111|46.111|47.111|48.111|49.111,3,specific,21,1012.111,مهارات تواصل,مهارات تواصل,2.0,0.0,false,true,13.111|44.111,1124,0.9875444839857651,78.24733096085409,3,1,name_only_review_candidate,,cross_faculty_name_only_review_candidate,cross_faculty,3.111|4.111|5.111|6.111,,20221,pending,Normalized-name match lies outside lineage scope and has no TRAIN/VALID faculty intersection; visible and unweighted.,,,,
111,1165.111,مهارات التواصل,مهارات تواصل,مهارات تواصل,2.0,4,26.111|27.111|29.111|30.111|31.111|45.111|46.111|47.111|48.111|49.111,3,specific,21,375.111,مهارات تواصل,مهارات تواصل,1.0,1.0,true,true,18.111,127,0.8740157480314961,65.56692913385827,4,1,name_only_review_candidate,,cross_faculty_name_only_review_candidate,cross_faculty,3.111|4.111|5.111|6.111,,20221,pending,Normalized-name match lies outside lineage scope and has no TRAIN/VALID faculty intersection; visible and unweighted.,,,,
111,1166.111,إدارة المشاريع,اداره مشاريع,اداره مشاريع,2.0,4,26.111|27.111|29.111|30.111|31.111|45.111|46.111|47.111|48.111|49.111,3,specific,112,505.111,إدارة المشاريع,اداره مشاريع,2.0,0.0,false,false,3.111|4.111|5.111|6.111|21.111,624,0.9391025641025641,70.32692307692308,1,1,successor,1.0,name_key_union_lineage,in_lineage,3.111|4.111|5.111|6.111,1,20221,pending,TRAIN-supported normalized-name match is catalogued inside the corrected union lineage scope; proposal remains pending.,,,,
111,1166.111,إدارة المشاريع,اداره مشاريع,اداره مشاريع,2.0,4,26.111|27.111|29.111|30.111|31.111|45.111|46.111|47.111|48.111|49.111,3,specific,112,26.111,إدارة المشاريع,اداره مشاريع,3.0,-1.0,true,true,7.111|8.111|9.111|10.111|11.111|12.111|22.111,499,0.8697394789579158,67.07014028056112,2,1,name_only_review_candidate,,cross_faculty_name_only_review_candidate,cross_faculty,3.111|4.111|5.111|6.111,,20221,pending,Normalized-name match lies outside lineage scope and has no TRAIN/VALID faculty intersection; visible and unweighted.,,,,
111,1166.111,إدارة المشاريع,اداره مشاريع,اداره مشاريع,2.0,4,26.111|27.111|29.111|30.111|31.111|45.111|46.111|47.111|48.111|49.111,3,specific,112,418.111,إدارة المشاريع,اداره مشاريع,2.0,0.0,false,true,18.111,43,0.813953488372093,61.906976744186046,3,1,name_only_review_candidate,,cross_faculty_name_only_review_candidate,cross_faculty,3.111|4.111|5.111|6.111,,20221,pending,Normalized-name match lies outside lineage scope and has no TRAIN/VALID faculty intersection; visible and unweighted.,,,,
111,1167.111,إدارة المؤسسات,اداره موسسات,اداره موسسات,2.0,4,26.111|27.111|29.111|30.111|31.111|45.111|46.111|47.111|48.111|49.111,3,specific,7,509.111,إدارة المؤسسات,اداره موسسات,2.0,0.0,false,false,3.111|4.111|5.111|6.111|21.111,461,0.9436008676789588,75.45553145336225,1,1,successor,1.0,name_key_union_lineage,in_lineage,3.111|4.111|5.111|6.111,1,20222,pending,TRAIN-supported normalized-name match is catalogued inside the corrected union lineage scope; proposal remains pending.,,,,
111,1169.111,ضمان جودة البرمجيات,ضمان جوده برمجيات,ضمان جوده برمجيات,3.0,5,26.111|46.111,1,specific,7,,,,,,unknown,unknown,,,,,,0,none,,none,,3.111|4.111|5.111,,20232,pending,No TRAIN-present normalized-name predecessor exists in the catalog after structural exclusions.,,,,
111,1170.111,نماذج نضج البرمجيات,نماذج نضج برمجيات,نماذج نضج برمجيات,3.0,5,26.111|46.111,1,specific,14,,,,,,unknown,unknown,,,,,,0,none,,none,,3.111|4.111|5.111,,20233,pending,No TRAIN-present normalized-name predecessor exists in the catalog after structural exclusions.,,,,
111,1171.111,مدخل إلى الخوارزميات والبرمجة,مدخل الي خوارزميات والبرمجه,مدخل الي خوارزميات والبرمجه,3.0,3,26.111|27.111|29.111|30.111|31.111|45.111|46.111|47.111|48.111|49.111,3,specific,834,,,,,,unknown,unknown,,,,,,0,none,,none,,3.111|4.111|5.111|6.111,,20221,pending,No TRAIN-present normalized-name predecessor exists in the catalog after structural exclusions.,,,,
111,1172.111,الرياضيات المتقطعة,رياضيات متقطعه,رياضيات متقطعه,3.0,3,26.111|27.111|29.111|30.111|31.111|45.111|46.111|47.111|48.111|49.111,3,specific,876,431.111,الرياضيات المتقطعة,رياضيات متقطعه,3.0,0.0,false,false,3.111|4.111|5.111|6.111|21.111,1929,0.7646448937273198,61.922239502332815,1,1,successor,1.0,name_key_union_lineage,in_lineage,3.111|4.111|5.111|6.111,1,20221,pending,TRAIN-supported normalized-name match is catalogued inside the corrected union lineage scope; proposal remains pending.,,,,
111,1173.111,الجبر الخطي ونظرية المصفوفات,جبر خطي ونظريه مصفوفات,جبر خطي ونظريه مصفوفات,3.0,3,26.111|27.111|29.111|30.111|31.111|45.111|46.111|47.111|48.111|49.111,3,specific,719,432.111,الجبر الخطي ونظرية المصفوفات,جبر خطي ونظريه مصفوفات,4.0,-1.0,true,false,3.111|4.111|5.111|6.111|21.111,1933,0.7646145887221935,64.83548887739265,1,1,successor,1.0,name_key_union_lineage,in_lineage,3.111|4.111|5.111|6.111,1,20221,pending,TRAIN-supported normalized-name match is catalogued inside the corrected union lineage scope; proposal remains pending.,,,,
111,1174.111,الفيزياء1,فيزياء#1,فيزياء,3.0,3,26.111|27.111|29.111|30.111|31.111|45.111|46.111|47.111|48.111|49.111,3,specific,791,501.111,الفيزياء 1,فيزياء#1,3.0,0.0,false,false,3.111|4.111|5.111|6.111|21.111,1910,0.774869109947644,62.84502617801047,1,1,successor,1.0,name_key_union_lineage,in_lineage,3.111|4.111|5.111|6.111,1,20221,pending,TRAIN-supported normalized-name match is catalogued inside the corrected union lineage scope; proposal remains pending.,,,,
111,1174.111,الفيزياء1,فيزياء#1,فيزياء,3.0,3,26.111|27.111|29.111|30.111|31.111|45.111|46.111|47.111|48.111|49.111,3,specific,791,271.111,الفيزياء (1),فيزياء#1,3.0,0.0,false,true,16.111,250,0.912,67.672,2,1,name_only_review_candidate,,cross_faculty_name_only_review_candidate,cross_faculty,3.111|4.111|5.111|6.111,,20221,pending,Normalized-name match lies outside lineage scope and has no TRAIN/VALID faculty intersection; visible and unweighted.,,,,
111,1174.111,الفيزياء1,فيزياء#1,فيزياء,3.0,3,26.111|27.111|29.111|30.111|31.111|45.111|46.111|47.111|48.111|49.111,3,specific,791,410.111,فيزياء 1,فيزياء#1,3.0,0.0,false,true,18.111,156,0.8141025641025641,62.532051282051285,3,1,name_only_review_candidate,,cross_faculty_name_only_review_candidate,cross_faculty,3.111|4.111|5.111|6.111,,20221,pending,Normalized-name match lies outside lineage scope and has no TRAIN/VALID faculty intersection; visible and unweighted.,,,,
111,1175.111,التحليل الرياضي1,تحليل رياضي#1,تحليل رياضي,3.0,3,26.111|27.111|29.111|30.111|31.111|45.111|46.111|47.111|48.111|49.111,3,specific,917,502.111,التحليل الرياضي 1,تحليل رياضي#1,4.0,-1.0,true,false,3.111|4.111|5.111|6.111|21.111,1524,0.7841207349081365,64.75262467191601,1,1,successor,1.0,name_key_union_lineage,in_lineage,3.111|4.111|5.111|6.111,1,20221,pending,TRAIN-supported normalized-name match is catalogued inside the corrected union lineage scope; proposal remains pending.,,,,
111,1175.111,التحليل الرياضي1,تحليل رياضي#1,تحليل رياضي,3.0,3,26.111|27.111|29.111|30.111|31.111|45.111|46.111|47.111|48.111|49.111,3,specific,917,400.111,تحليل رياضي1,تحليل رياضي#1,3.0,0.0,false,true,18.111,168,0.7678571428571429,62.339285714285715,2,1,name_only_review_candidate,,cross_faculty_name_only_review_candidate,cross_faculty,3.111|4.111|5.111|6.111,,20221,pending,Normalized-name match lies outside lineage scope and has no TRAIN/VALID faculty intersection; visible and unweighted.,,,,
111,1176.111,البرمجة1,برمجه#1,برمجه,3.0,3,26.111|27.111|29.111|30.111|31.111|45.111|46.111|47.111|48.111|49.111,3,specific,751,413.111,برمجة 1,برمجه#1,4.0,-1.0,true,true,18.111,168,0.8273809523809523,66.375,1,0,name_only_review_candidate,,cross_faculty_name_only_review_candidate,cross_faculty,3.111|4.111|5.111|6.111,,20221,pending,Normalized-name match lies outside lineage scope and has no TRAIN/VALID faculty intersection; visible and unweighted.,,,,
111,1177.111,التحليل الرياضي2,تحليل رياضي#2,تحليل رياضي,3.0,3,26.111|27.111|29.111|30.111|31.111|45.111|46.111|47.111|48.111|49.111,3,specific,688,433.111,التحليل الرياضي 2,تحليل رياضي#2,4.0,-1.0,true,false,3.111|4.111|5.111|6.111|21.111,1141,0.8431200701139352,65.42243645924627,1,1,successor,1.0,name_key_union_lineage,in_lineage,3.111|4.111|5.111|6.111,1,20221,pending,TRAIN-supported normalized-name match is catalogued inside the corrected union lineage scope; proposal remains pending.,,,,
111,1177.111,التحليل الرياضي2,تحليل رياضي#2,تحليل رياضي,3.0,3,26.111|27.111|29.111|30.111|31.111|45.111|46.111|47.111|48.111|49.111,3,specific,688,401.111,تحليل رياضي 2,تحليل رياضي#2,3.0,0.0,false,true,18.111,176,0.6306818181818182,55.36931818181818,2,1,name_only_review_candidate,,cross_faculty_name_only_review_candidate,cross_faculty,3.111|4.111|5.111|6.111,,20221,pending,Normalized-name match lies outside lineage scope and has no TRAIN/VALID faculty intersection; visible and unweighted.,,,,
111,1178.111,الدارات المنطقية,دارات منطقيه,دارات منطقيه,3.0,3,26.111|27.111|29.111|30.111|31.111|45.111|46.111|47.111|48.111|49.111,3,specific,567,434.111,الدارات المنطقية,دارات منطقيه,4.0,-1.0,true,false,3.111|4.111|5.111|6.111|21.111,1396,0.9004297994269341,70.67120343839541,1,1,successor,1.0,name_key_union_lineage,in_lineage,3.111|4.111|5.111|6.111,1,20221,pending,TRAIN-supported normalized-name match is catalogued inside the corrected union lineage scope; proposal remains pending.,,,,
111,1178.111,الدارات المنطقية,دارات منطقيه,دارات منطقيه,3.0,3,26.111|27.111|29.111|30.111|31.111|45.111|46.111|47.111|48.111|49.111,3,specific,567,383.111,دارات منطقية,دارات منطقيه,3.0,0.0,false,true,18.111,140,0.8642857142857143,66.24285714285715,2,1,name_only_review_candidate,,cross_faculty_name_only_review_candidate,cross_faculty,3.111|4.111|5.111|6.111,,20221,pending,Normalized-name match lies outside lineage scope and has no TRAIN/VALID faculty intersection; visible and unweighted.,,,,
111,1179.111,الفيزياء2,فيزياء#2,فيزياء,3.0,3,26.111|27.111|29.111|30.111|31.111|45.111|46.111|47.111|48.111|49.111,3,specific,759,457.111,الفيزياء 2,فيزياء#2,3.0,0.0,false,true,5.111|6.111,362,0.856353591160221,67.11602209944752,1,1,successor,1.0,name_key_union_lineage,in_lineage,3.111|4.111|5.111|6.111,1,20222,pending,TRAIN-supported normalized-name match is catalogued inside the corrected union lineage scope; proposal remains pending.,,,,
111,1179.111,الفيزياء2,فيزياء#2,فيزياء,3.0,3,26.111|27.111|29.111|30.111|31.111|45.111|46.111|47.111|48.111|49.111,3,specific,759,831.111,فيزياء - 2,فيزياء#2,4.0,-1.0,true,true,20.111,368,0.5652173913043478,53.72010869565217,2,1,name_only_review_candidate,,cross_faculty_name_only_review_candidate,cross_faculty,3.111|4.111|5.111|6.111,,20222,pending,Normalized-name match lies outside lineage scope and has no TRAIN/VALID faculty intersection; visible and unweighted.,,,,
111,1179.111,الفيزياء2,فيزياء#2,فيزياء,3.0,3,26.111|27.111|29.111|30.111|31.111|45.111|46.111|47.111|48.111|49.111,3,specific,759,272.111,الفيزياء (2),فيزياء#2,3.0,0.0,false,true,16.111,247,0.8259109311740891,62.16194331983806,3,1,name_only_review_candidate,,cross_faculty_name_only_review_candidate,cross_faculty,3.111|4.111|5.111|6.111,,20222,pending,Normalized-name match lies outside lineage scope and has no TRAIN/VALID faculty intersection; visible and unweighted.,,,,
111,1179.111,الفيزياء2,فيزياء#2,فيزياء,3.0,3,26.111|27.111|29.111|30.111|31.111|45.111|46.111|47.111|48.111|49.111,3,specific,759,411.111,فيزياء 2,فيزياء#2,3.0,0.0,false,true,18.111,163,0.7423312883435583,57.91411042944785,4,1,name_only_review_candidate,,cross_faculty_name_only_review_candidate,cross_faculty,3.111|4.111|5.111|6.111,,20222,pending,Normalized-name match lies outside lineage scope and has no TRAIN/VALID faculty intersection; visible and unweighted.,,,,
111,1180.111,الدارات الكهربائية1,دارات كهرباييه#1,دارات كهرباييه,3.0,3,26.111|27.111|29.111|30.111|31.111|45.111|46.111|47.111|48.111|49.111,3,specific,773,427.111,الدارات الكهربائية 1,دارات كهرباييه#1,3.0,0.0,false,true,5.111|6.111,385,0.6753246753246753,57.5012987012987,1,1,successor,1.0,name_key_union_lineage,in_lineage,3.111|4.111|5.111|6.111,1,20221,pending,TRAIN-supported normalized-name match is catalogued inside the corrected union lineage scope; proposal remains pending.,,,,
111,1181.111,البرمجة2,برمجه#2,برمجه,3.0,3,26.111|27.111|29.111|30.111|31.111|45.111|46.111|47.111|48.111|49.111,3,specific,517,414.111,برمجة 2,برمجه#2,4.0,-1.0,true,true,18.111,166,0.8132530120481928,64.13253012048193,1,0,name_only_review_candidate,,cross_faculty_name_only_review_candidate,cross_faculty,3.111|4.111|5.111|6.111,,20221,pending,Normalized-name match lies outside lineage scope and has no TRAIN/VALID faculty intersection; visible and unweighted.,,,,
111,1182.111,الإحصاء والاحتمالات,احصاء والاحتمالات,احصاء والاحتمالات,3.0,3,26.111|27.111|29.111|30.111|31.111|45.111|46.111|47.111|48.111|49.111,3,specific,378,504.111,الإحصاء والاحتمالات,احصاء والاحتمالات,3.0,0.0,false,false,3.111|4.111|5.111|6.111|21.111,886,0.9446952595936795,77.71444695259594,1,1,successor,1.0,name_key_union_lineage,in_lineage,3.111|4.111|5.111|6.111,1,20221,pending,TRAIN-supported normalized-name match is catalogued inside the corrected union lineage scope; proposal remains pending.,,,,
111,1182.111,الإحصاء والاحتمالات,احصاء والاحتمالات,احصاء والاحتمالات,3.0,3,26.111|27.111|29.111|30.111|31.111|45.111|46.111|47.111|48.111|49.111,3,specific,378,846.111,الاحصاء والاحتمالات,احصاء والاحتمالات,2.0,1.0,true,true,20.111,230,0.8043478260869565,67.46521739130435,2,1,name_only_review_candidate,,cross_faculty_name_only_review_candidate,cross_faculty,3.111|4.111|5.111|6.111,,20221,pending,Normalized-name match lies outside lineage scope and has no TRAIN/VALID faculty intersection; visible and unweighted.,,,,
111,1182.111,الإحصاء والاحتمالات,احصاء والاحتمالات,احصاء والاحتمالات,3.0,3,26.111|27.111|29.111|30.111|31.111|45.111|46.111|47.111|48.111|49.111,3,specific,378,424.111,الأحصاء والأحتمالات,احصاء والاحتمالات,3.0,0.0,false,true,18.111,148,0.7905405405405406,64.19594594594595,3,1,name_only_review_candidate,,cross_faculty_name_only_review_candidate,cross_faculty,3.111|4.111|5.111|6.111,,20221,pending,Normalized-name match lies outside lineage scope and has no TRAIN/VALID faculty intersection; visible and unweighted.,,,,
111,1183.111,بنيان الحواسيب1,بنيان حواسيب#1,بنيان حواسيب,3.0,3,26.111|27.111|29.111|30.111|31.111|45.111|46.111|47.111|48.111|49.111,3,split_or_merge,495,510.111,بنيان الحواسيب,بنيان حواسيب,3.0,0.0,false,false,3.111|4.111|5.111|6.111|21.111,1165,0.7759656652360515,62.73304721030043,1,1,split_from,,task_confirmed_split_merge,,,,20221,pending,Confirmed split/merge candidate excluded from ordinary name-key matching; proposal remains pending.,,,,
111,1184.111,الخوارزميات وبنى المعطيات1,خوارزميات وبني معطيات#1,خوارزميات وبني معطيات,3.0,3,26.111|27.111|29.111|30.111|31.111|45.111|46.111|47.111|48.111|49.111,3,specific,486,516.111,الخوارزميات وبنى المعطيات 1,خوارزميات وبني معطيات#1,3.0,0.0,false,false,3.111|4.111|5.111|6.111|21.111,1088,0.8336397058823529,62.296875,1,1,successor,1.0,name_key_union_lineage,in_lineage,3.111|4.111|5.111|6.111,1,20221,pending,TRAIN-supported normalized-name match is catalogued inside the corrected union lineage scope; proposal remains pending.,,,,
111,1185.111,أساسيات قواعد البيانات,اساسيات قواعد بيانات,اساسيات قواعد بيانات,3.0,3,26.111|27.111|29.111|30.111|31.111|45.111|46.111|47.111|48.111|49.111,3,specific,461,,,,,,unknown,unknown,,,,,,0,none,,none,,3.111|4.111|5.111|6.111,,20221,pending,No TRAIN-present normalized-name predecessor exists in the catalog after structural exclusions.,,,,
111,1186.111,البرمجة3,برمجه#3,برمجه,3.0,3,26.111|27.111|29.111|30.111|31.111|45.111|46.111|47.111|48.111|49.111,3,specific,277,415.111,برمجة 3,برمجه#3,4.0,-1.0,true,true,18.111,128,0.8125,63.953125,1,0,name_only_review_candidate,,cross_faculty_name_only_review_candidate,cross_faculty,3.111|4.111|5.111|6.111,,20221,pending,Normalized-name match lies outside lineage scope and has no TRAIN/VALID faculty intersection; visible and unweighted.,,,,
111,1187.111,نظرية الحوسبة,نظريه حوسبه,نظريه حوسبه,3.0,3,26.111|27.111|29.111|30.111|31.111|45.111|46.111|47.111|48.111|49.111,3,specific,371,521.111,نظرية الحوسبة,نظريه حوسبه,3.0,0.0,false,true,3.111|4.111,483,0.782608695652174,61.58385093167702,1,1,successor,1.0,name_key_union_lineage,in_lineage,3.111|4.111|5.111|6.111,1,20221,pending,TRAIN-supported normalized-name match is catalogued inside the corrected union lineage scope; proposal remains pending.,,,,
111,1188.111,مدخل إلى هندسة البرمجيات,مدخل الي هندسه برمجيات,مدخل الي هندسه برمجيات,3.0,3,26.111|27.111|29.111|30.111|31.111|45.111|46.111|47.111|48.111|49.111,3,specific,324,,,,,,unknown,unknown,,,,,,0,none,,none,,3.111|4.111|5.111|6.111,,20221,pending,No TRAIN-present normalized-name predecessor exists in the catalog after structural exclusions.,,,,
111,1189.111,الخوارزميات وبنى المعطيات2,خوارزميات وبني معطيات#2,خوارزميات وبني معطيات,3.0,3,26.111|27.111|29.111|30.111|31.111|45.111|46.111|47.111|48.111|49.111,3,specific,394,522.111,الخوارزميات وبنى المعطيات 2,خوارزميات وبني معطيات#2,3.0,0.0,false,true,3.111|4.111,516,0.9224806201550387,71.36434108527132,1,1,successor,1.0,name_key_union_lineage,in_lineage,3.111|4.111|5.111|6.111,1,20221,pending,TRAIN-supported normalized-name match is catalogued inside the corrected union lineage scope; proposal remains pending.,,,,
111,1190.111,المعادلات التفاضلية والتحويلات,معادلات تفاضليه والتحويلات,معادلات تفاضليه والتحويلات,3.0,3,26.111|27.111|29.111|30.111|31.111|45.111|46.111|47.111|48.111|49.111,3,specific,305,426.111,المعادلات التفاضلية والتحويلات,معادلات تفاضليه والتحويلات,3.0,0.0,false,true,5.111|6.111,292,0.8458904109589042,67.9417808219178,1,1,successor,1.0,name_key_union_lineage,in_lineage,3.111|4.111|5.111|6.111,1,20221,pending,TRAIN-supported normalized-name match is catalogued inside the corrected union lineage scope; proposal remains pending.,,,,
111,1191.111,تراسل البيانات,تراسل بيانات,تراسل بيانات,3.0,3,26.111|27.111|29.111|30.111|31.111|45.111|46.111|47.111|48.111|49.111,3,specific,355,,,,,,unknown,unknown,,,,,,0,none,,none,,3.111|4.111|5.111|6.111,,20221,pending,No TRAIN-present normalized-name predecessor exists in the catalog after structural exclusions.,,,,
111,1192.111,بنيان الحواسيب2,بنيان حواسيب#2,بنيان حواسيب,3.0,3,26.111|27.111|29.111|30.111|31.111|45.111|46.111|47.111|48.111|49.111,3,split_or_merge,272,510.111,بنيان الحواسيب,بنيان حواسيب,3.0,0.0,false,false,3.111|4.111|5.111|6.111|21.111,1165,0.7759656652360515,62.73304721030043,1,1,split_from,,task_confirmed_split_merge,,,,20221,pending,Confirmed split/merge candidate excluded from ordinary name-key matching; proposal remains pending.,,,,
111,1193.111,نظم التشغيل1,نظم تشغيل#1,نظم تشغيل,3.0,3,26.111|27.111|29.111|30.111|31.111|45.111|46.111|47.111|48.111|49.111,3,specific,223,,,,,,unknown,unknown,,,,,,0,none,,none,,3.111|4.111|5.111|6.111,,20221,pending,No TRAIN-present normalized-name predecessor exists in the catalog after structural exclusions.,,,,
111,1194.111,مدخل إلى الذكاء الصنعي,مدخل الي ذكاء صنعي,مدخل الي ذكاء صنعي,3.0,3,26.111|27.111|29.111|30.111|31.111|45.111|46.111|47.111|48.111|49.111,3,specific,213,,,,,,unknown,unknown,,,,,,0,none,,none,,3.111|4.111|5.111|6.111,,20221,pending,No TRAIN-present normalized-name predecessor exists in the catalog after structural exclusions.,,,,
111,1195.111,نظرية المعلومات,نظريه معلومات,نظريه معلومات,3.0,3,26.111|27.111|29.111|30.111|31.111|45.111|46.111|47.111|48.111|49.111,3,specific,316,437.111,نظرية المعلومات,نظريه معلومات,3.0,0.0,false,false,3.111|4.111|5.111|6.111|21.111,650,0.9123076923076923,69.15846153846154,1,1,successor,1.0,name_key_union_lineage,in_lineage,3.111|4.111|5.111|6.111,1,20221,pending,TRAIN-supported normalized-name match is catalogued inside the corrected union lineage scope; proposal remains pending.,,,,
111,1196.111,شبكات الحاسوب,شبكات حاسوب,شبكات حاسوب,3.0,3,26.111|27.111|29.111|30.111|31.111|45.111|46.111|47.111|48.111|49.111,3,specific,149,466.111,شبكات الحاسوب,شبكات حاسوب,3.0,0.0,false,true,3.111|5.111|6.111,548,0.9215328467153284,69.49270072992701,1,1,successor,1.0,name_key_union_lineage,in_lineage,3.111|4.111|5.111|6.111,1,20221,pending,TRAIN-supported normalized-name match is catalogued inside the corrected union lineage scope; proposal remains pending.,,,,
111,1197.111,تطبيقات,تطبيقات,تطبيقات,2.0,3,26.111|27.111|29.111|30.111|31.111|45.111|46.111|47.111|48.111|49.111,3,specific,84,,,,,,unknown,unknown,,,,,,0,none,,none,,3.111|4.111|5.111|6.111,,20222,pending,No TRAIN-present normalized-name predecessor exists in the catalog after structural exclusions.,,,,
111,1198.111,مشروع فصلي,مشروع فصلي,مشروع فصلي,3.0,3,26.111|27.111|29.111|30.111|31.111|45.111|46.111|47.111|48.111|49.111,3,specific,25,538.111,مشروع  فصلي,مشروع فصلي,3.0,0.0,false,true,3.111,206,0.9174757281553398,77.00970873786407,1,2,consolidated_into,0.555256064690027,name_key_union_lineage,in_lineage,3.111|4.111|5.111|6.111,1,20231,pending,TRAIN-supported normalized-name match is catalogued inside the corrected union lineage scope; proposal remains pending.,,,,
111,1198.111,مشروع فصلي,مشروع فصلي,مشروع فصلي,3.0,3,26.111|27.111|29.111|30.111|31.111|45.111|46.111|47.111|48.111|49.111,3,specific,25,471.111,مشروع  فصلي,مشروع فصلي,3.0,0.0,false,true,6.111,165,0.9878787878787879,82.64848484848486,2,2,consolidated_into,0.444743935309973,name_key_union_lineage,in_lineage,3.111|4.111|5.111|6.111,1,20231,pending,TRAIN-supported normalized-name match is catalogued inside the corrected union lineage scope; proposal remains pending.,,,,
111,1198.111,مشروع فصلي,مشروع فصلي,مشروع فصلي,3.0,3,26.111|27.111|29.111|30.111|31.111|45.111|46.111|47.111|48.111|49.111,3,specific,25,456.111,مشروع  فصلي,مشروع فصلي,3.0,0.0,false,true,4.111,4,0.75,68.75,3,2,candidate_below_support,,name_key_global,in_lineage,3.111|4.111|5.111|6.111,1,20231,pending,"Name-key candidate retained for visibility, but raw TRAIN support 4 is below min_support=20.",,,,
111,1198.111,مشروع فصلي,مشروع فصلي,مشروع فصلي,3.0,3,26.111|27.111|29.111|30.111|31.111|45.111|46.111|47.111|48.111|49.111,3,specific,25,486.111,مشروع  فصلي,مشروع فصلي,3.0,0.0,false,true,5.111,4,0.75,65.25,4,2,candidate_below_support,,name_key_global,in_lineage,3.111|4.111|5.111|6.111,1,20231,pending,"Name-key candidate retained for visibility, but raw TRAIN support 4 is below min_support=20.",,,,
111,1199.111,مشروع تخرج1,مشروع تخرج#1,مشروع تخرج,3.0,3,26.111|27.111|29.111|30.111|31.111|45.111|46.111|47.111|48.111|49.111,3,specific,8,539.111,مشروع التخرج 1,مشروع تخرج#1,3.0,0.0,false,true,3.111,148,0.972972972972973,80.36486486486487,1,2,consolidated_into,0.5138888888888888,name_key_union_lineage,in_lineage,3.111|4.111|5.111|6.111,1,20232,pending,TRAIN-supported normalized-name match is catalogued inside the corrected union lineage scope; proposal remains pending.,,,,
111,1199.111,مشروع تخرج1,مشروع تخرج#1,مشروع تخرج,3.0,3,26.111|27.111|29.111|30.111|31.111|45.111|46.111|47.111|48.111|49.111,3,specific,8,472.111,مشروع التخرج 1,مشروع تخرج#1,3.0,0.0,false,true,6.111,140,0.9928571428571429,82.33571428571429,2,2,consolidated_into,0.4861111111111111,name_key_union_lineage,in_lineage,3.111|4.111|5.111|6.111,1,20232,pending,TRAIN-supported normalized-name match is catalogued inside the corrected union lineage scope; proposal remains pending.,,,,
111,1199.111,مشروع تخرج1,مشروع تخرج#1,مشروع تخرج,3.0,3,26.111|27.111|29.111|30.111|31.111|45.111|46.111|47.111|48.111|49.111,3,specific,8,488.111,مشروع التخرج 1,مشروع تخرج#1,3.0,0.0,false,true,5.111,4,1.0,86.25,3,2,candidate_below_support,,name_key_global,in_lineage,3.111|4.111|5.111|6.111,1,20232,pending,"Name-key candidate retained for visibility, but raw TRAIN support 4 is below min_support=20.",,,,
111,1199.111,مشروع تخرج1,مشروع تخرج#1,مشروع تخرج,3.0,3,26.111|27.111|29.111|30.111|31.111|45.111|46.111|47.111|48.111|49.111,3,specific,8,446.111,مشروع التخرج 1,مشروع تخرج#1,3.0,0.0,false,true,4.111,3,1.0,88.0,4,2,candidate_below_support,,name_key_global,in_lineage,3.111|4.111|5.111|6.111,1,20232,pending,"Name-key candidate retained for visibility, but raw TRAIN support 3 is below min_support=20.",,,,
111,1201.111,الرياضيات الترميمية,رياضيات ترميميه,رياضيات ترميميه,4.0,4,26.111|27.111|29.111|30.111|31.111|45.111|46.111|47.111|48.111|49.111,3,specific,122,1036.111,رياضيات ترميمية,رياضيات ترميميه,4.0,0.0,false,false,3.111|4.111|5.111|6.111|21.111,71,0.647887323943662,56.16901408450704,1,1,successor,1.0,name_key_union_lineage,in_lineage,3.111|4.111|5.111|6.111,1,20221,pending,TRAIN-supported normalized-name match is catalogued inside the corrected union lineage scope; proposal remains pending.,,,,
111,1203.111,نظرية الألعاب,نظريه العاب,نظريه العاب,3.0,5,27.111|29.111|47.111|48.111,1,specific,81,,,,,,unknown,unknown,,,,,,0,none,,none,,3.111|4.111|5.111|6.111,,20231,pending,No TRAIN-present normalized-name predecessor exists in the catalog after structural exclusions.,,,,
111,1204.111,مدخل إلى تعلم الآلة,مدخل الي تعلم اله,مدخل الي تعلم اله,3.0,5,26.111|27.111|29.111|30.111|45.111|46.111|47.111|48.111,2,specific,112,,,,,,unknown,unknown,,,,,,0,none,,none,,3.111|4.111|5.111|6.111,,20221,pending,No TRAIN-present normalized-name predecessor exists in the catalog after structural exclusions.,,,,
111,1205.111,معالجة الصور وتحليلها,معالجه صور وتحليلها,معالجه صور وتحليلها,3.0,5,26.111|27.111|46.111|47.111,1,specific,55,451.111,معالجة الصور وتحليلها,معالجه صور وتحليلها,3.0,0.0,false,true,3.111|4.111|5.111,57,0.9649122807017544,73.75438596491227,1,1,successor,1.0,name_key_union_lineage,in_lineage,3.111|4.111|5.111,1,20221,pending,TRAIN-supported normalized-name match is catalogued inside the corrected union lineage scope; proposal remains pending.,,,,
111,1206.111,النمذجة العددية,نمذجه عدديه,نمذجه عدديه,3.0,5,27.111|47.111,1,specific,11,,,,,,unknown,unknown,,,,,,0,none,,none,,3.111|4.111|5.111,,20232,pending,No TRAIN-present normalized-name predecessor exists in the catalog after structural exclusions.,,,,
111,1207.111,الذكاء الصنعي المتقدم,ذكاء صنعي متقدم,ذكاء صنعي متقدم,3.0,5,27.111|47.111,1,specific,12,,,,,,unknown,unknown,,,,,,0,none,,none,,3.111|4.111|5.111,,20221,pending,No TRAIN-present normalized-name predecessor exists in the catalog after structural exclusions.,,,,
111,1208.111,تقانات إحصائية في علوم البيانات,تقانات احصاييه في علوم بيانات,تقانات احصاييه في علوم بيانات,3.0,5,27.111|47.111,1,specific,7,,,,,,unknown,unknown,,,,,,0,none,,none,,3.111|4.111|5.111,,20231,pending,No TRAIN-present normalized-name predecessor exists in the catalog after structural exclusions.,,,,
111,1209.111,مدخل إلى البيانات الكبيرة,مدخل الي بيانات كبيره,مدخل الي بيانات كبيره,3.0,5,27.111|47.111,1,specific,3,,,,,,unknown,unknown,,,,,,0,none,,none,,3.111|4.111|5.111,,20232,pending,No TRAIN-present normalized-name predecessor exists in the catalog after structural exclusions.,,,,
111,1210.111,مدخل إلى التعلم العميق,مدخل الي تعلم عميق,مدخل الي تعلم عميق,3.0,5,27.111|47.111,1,specific,5,,,,,,unknown,unknown,,,,,,0,none,,none,,3.111|4.111|5.111,,20232,pending,No TRAIN-present normalized-name predecessor exists in the catalog after structural exclusions.,,,,
111,1212.111,معالجة اللغات الطبيعية,معالجه لغات طبيعيه,معالجه لغات طبيعيه,3.0,5,27.111|47.111,1,specific,12,448.111,معالجة اللغات الطبيعية,معالجه لغات طبيعيه,3.0,0.0,false,true,4.111,1,1.0,97.0,1,0,candidate_below_support,,name_key_global,in_lineage,3.111|4.111|5.111,1,20232,pending,"Name-key candidate retained for visibility, but raw TRAIN support 1 is below min_support=20.",,,,
111,1213.111,مدخل إلى الرؤية الحاسوبية,مدخل الي رويه حاسوبيه,مدخل الي رويه حاسوبيه,3.0,5,26.111|27.111|46.111|47.111,1,specific,9,,,,,,unknown,unknown,,,,,,0,none,,none,,3.111|4.111|5.111,,20231,pending,No TRAIN-present normalized-name predecessor exists in the catalog after structural exclusions.,,,,
111,1214.111,النظم الخبيرة,نظم خبيره,نظم خبيره,3.0,5,27.111|47.111,1,specific,11,441.111,النظم الخبيرة,نظم خبيره,3.0,0.0,false,false,3.111|4.111,119,0.9831932773109243,71.29411764705883,1,1,successor,1.0,name_key_union_lineage,in_lineage,3.111|4.111|5.111,1,20221,pending,TRAIN-supported normalized-name match is catalogued inside the corrected union lineage scope; proposal remains pending.,,,,
111,1216.111,الإشارات والنظم,اشارات والنظم,اشارات والنظم,3.0,5,29.111|30.111|31.111|45.111|48.111|49.111,3,specific,27,458.111,الإشارات والنظم,اشارات والنظم,3.0,0.0,false,false,5.111|6.111,260,0.8615384615384616,64.91538461538461,1,1,successor,1.0,name_key_union_lineage,in_lineage,3.111|5.111|6.111,1,20221,pending,TRAIN-supported normalized-name match is catalogued inside the corrected union lineage scope; proposal remains pending.,,,,
111,1217.111,الدارات الإلكترونية1,دارات الكترونيه#1,دارات الكترونيه,3.0,5,30.111|31.111|45.111|49.111,2,specific,37,430.111,الدارات الإلكترونية 1,دارات الكترونيه#1,3.0,0.0,false,false,5.111|6.111,216,0.9444444444444444,68.72222222222223,1,1,successor,1.0,name_key_union_lineage,in_lineage,3.111|5.111|6.111,1,20221,pending,TRAIN-supported normalized-name match is catalogued inside the corrected union lineage scope; proposal remains pending.,,,,
111,1218.111,الدارات الإلكترونية2,دارات الكترونيه#2,دارات الكترونيه,3.0,5,30.111|31.111|45.111|49.111,2,specific,10,459.111,الدارات الإلكترونية 2,دارات الكترونيه#2,3.0,0.0,false,false,5.111|6.111,186,0.8978494623655914,67.96774193548387,1,1,successor,1.0,name_key_union_lineage,in_lineage,3.111|5.111|6.111,1,20222,pending,TRAIN-supported normalized-name match is catalogued inside the corrected union lineage scope; proposal remains pending.,,,,
111,1220.111,الدارات الكهربائية2,دارات كهرباييه#2,دارات كهرباييه,3.0,5,31.111|49.111,1,specific,6,428.111,الدارات الكهربائية 2,دارات كهرباييه#2,3.0,0.0,false,false,5.111|6.111,238,0.8277310924369747,64.49159663865547,1,1,successor,1.0,name_key_union_lineage,in_lineage,3.111|5.111|6.111,1,20231,pending,TRAIN-supported normalized-name match is catalogued inside the corrected union lineage scope; proposal remains pending.,,,,
111,1224.111,الاتصالات الرقمية,اتصالات رقميه,اتصالات رقميه,3.0,5,31.111|49.111,1,specific,1,463.111,الاتصالات الرقمية,اتصالات رقميه,3.0,0.0,false,false,5.111|6.111,168,0.9404761904761905,70.0,1,1,successor,1.0,name_key_union_lineage,in_lineage,3.111|5.111|6.111,1,20232,pending,TRAIN-supported normalized-name match is catalogued inside the corrected union lineage scope; proposal remains pending.,,,,
111,1231.111,الاتصالات النقالة واللاسلكية,اتصالات نقاله واللاسلكيه,اتصالات نقاله واللاسلكيه,3.0,5,31.111|49.111,1,specific,1,474.111,الاتصالات النقالة واللاسلكية,اتصالات نقاله واللاسلكيه,3.0,0.0,false,true,3.111|6.111,206,0.9514563106796117,67.00970873786407,1,1,successor,1.0,name_key_union_lineage,in_lineage,3.111|5.111|6.111,1,20233,pending,TRAIN-supported normalized-name match is catalogued inside the corrected union lineage scope; proposal remains pending.,,,,
111,1235.111,تصميم المترجمات,تصميم مترجمات,تصميم مترجمات,3.0,5,26.111|27.111|29.111|46.111|47.111|48.111,1,specific,140,523.111,تصميم المترجمات,تصميم مترجمات,3.0,0.0,false,false,3.111|4.111,319,0.9153605015673981,69.3667711598746,1,1,successor,1.0,name_key_union_lineage,in_lineage,3.111|4.111|5.111|6.111,1,20221,pending,TRAIN-supported normalized-name match is catalogued inside the corrected union lineage scope; proposal remains pending.,,,,
111,1236.111,بنيان البرمجيات,بنيان برمجيات,بنيان برمجيات,3.0,5,26.111|46.111,1,specific,113,,,,,,unknown,unknown,,,,,,0,none,,none,,3.111|4.111|5.111,,20222,pending,No TRAIN-present normalized-name predecessor exists in the catalog after structural exclusions.,,,,
111,1237.111,نظم قواعد البيانات,نظم قواعد بيانات,نظم قواعد بيانات,3.0,5,26.111|27.111|29.111|46.111|47.111|48.111,1,specific,237,,,,,,unknown,unknown,,,,,,0,none,,none,,3.111|4.111|5.111|6.111,,20221,pending,No TRAIN-present normalized-name predecessor exists in the catalog after structural exclusions.,,,,
111,1238.111,النظم الموزعة والحوسبة السحابية,نظم موزعه والحوسبه سحابيه,نظم موزعه والحوسبه سحابيه,3.0,5,26.111|27.111|29.111|30.111|31.111|45.111|46.111|47.111|48.111|49.111,3,specific,63,,,,,,unknown,unknown,,,,,,0,none,,none,,3.111|4.111|5.111|6.111,,20222,pending,No TRAIN-present normalized-name predecessor exists in the catalog after structural exclusions.,,,,
111,1239.111,تصميم نظم البرمجيات,تصميم نظم برمجيات,تصميم نظم برمجيات,3.0,5,26.111|46.111,1,specific,41,,,,,,unknown,unknown,,,,,,0,none,,none,,3.111|4.111|5.111,,20231,pending,No TRAIN-present normalized-name predecessor exists in the catalog after structural exclusions.,,,,
111,1240.111,تطوير تطبيقات الويب,تطوير تطبيقات ويب,تطوير تطبيقات ويب,3.0,5,26.111|46.111,1,specific,18,,,,,,unknown,unknown,,,,,,0,none,,none,,3.111|4.111|5.111,,20221,pending,No TRAIN-present normalized-name predecessor exists in the catalog after structural exclusions.,,,,
111,1241.111,إدارة المشاريع البرمجية,اداره مشاريع برمجيه,اداره مشاريع برمجيه,3.0,5,26.111|46.111,1,specific,30,,,,,,unknown,unknown,,,,,,0,none,,none,,3.111|4.111|5.111,,20232,pending,No TRAIN-present normalized-name predecessor exists in the catalog after structural exclusions.,,,,
111,1242.111,تطوير تطبيقات الموبايل,تطوير تطبيقات موبايل,تطوير تطبيقات موبايل,3.0,5,26.111|46.111,1,specific,11,,,,,,unknown,unknown,,,,,,0,none,,none,,3.111|4.111|5.111,,20232,pending,No TRAIN-present normalized-name predecessor exists in the catalog after structural exclusions.,,,,
111,1243.111,اختبار البرمجيات,اختبار برمجيات,اختبار برمجيات,3.0,5,26.111|46.111,1,specific,20,,,,,,unknown,unknown,,,,,,0,none,,none,,3.111|4.111|5.111,,20233,pending,No TRAIN-present normalized-name predecessor exists in the catalog after structural exclusions.,,,,
111,1244.111,إدارة تشكيلة البرمجيات,اداره تشكيله برمجيات,اداره تشكيله برمجيات,3.0,5,26.111|46.111,1,specific,29,,,,,,unknown,unknown,,,,,,0,none,,none,,3.111|4.111|5.111,,20231,pending,No TRAIN-present normalized-name predecessor exists in the catalog after structural exclusions.,,,,
111,1246.111,قواعد البيانات المتقدمة,قواعد بيانات متقدمه,قواعد بيانات متقدمه,3.0,5,26.111|27.111|46.111|47.111,1,specific,90,533.111,قواعد البيانات المتقدمة,قواعد بيانات متقدمه,3.0,0.0,false,false,3.111|4.111,223,0.9103139013452914,69.68161434977578,1,1,successor,1.0,name_key_union_lineage,in_lineage,3.111|4.111|5.111,1,20221,pending,TRAIN-supported normalized-name match is catalogued inside the corrected union lineage scope; proposal remains pending.,,,,
111,1246.111,قواعد البيانات المتقدمة,قواعد بيانات متقدمه,قواعد بيانات متقدمه,3.0,5,26.111|27.111|46.111|47.111,1,specific,90,367.111,قواعد بيانات متقدمة,قواعد بيانات متقدمه,3.0,0.0,false,false,18.111,39,0.6923076923076923,52.69230769230769,2,1,name_only_review_candidate,,cross_faculty_name_only_review_candidate,cross_faculty,3.111|4.111|5.111,,20221,pending,Normalized-name match lies outside lineage scope and has no TRAIN/VALID faculty intersection; visible and unweighted.,,,,
111,1249.111,نظم المعلومات الإدارية,نظم معلومات اداريه,نظم معلومات اداريه,3.0,6,26.111|27.111|46.111,1,specific,32,545.111,نظم المعلومات الإدارية,نظم معلومات اداريه,3.0,0.0,false,false,3.111,135,0.9629629629629629,72.82962962962964,1,1,successor,1.0,name_key_union_lineage,in_lineage,3.111|4.111|5.111,1,20231,pending,TRAIN-supported normalized-name match is catalogued inside the corrected union lineage scope; proposal remains pending.,,,,
111,1249.111,نظم المعلومات الإدارية,نظم معلومات اداريه,نظم معلومات اداريه,3.0,6,26.111|27.111|46.111,1,specific,32,195.111,نظم المعلومات الادارية,نظم معلومات اداريه,2.0,1.0,true,true,19.111,76,0.8026315789473685,60.76315789473684,2,1,name_only_review_candidate,,cross_faculty_name_only_review_candidate,cross_faculty,3.111|4.111|5.111,,20231,pending,Normalized-name match lies outside lineage scope and has no TRAIN/VALID faculty intersection; visible and unweighted.,,,,
111,1252.111,المتحكمات الصغرية والنظم المضمنة,متحكمات صغريه والنظم مضمنه,متحكمات صغريه والنظم مضمنه,3.0,5,29.111|30.111|31.111|45.111|48.111|49.111,3,specific,14,461.111,المتحكمات الصغرية والنظم المضمنة,متحكمات صغريه والنظم مضمنه,3.0,0.0,false,false,5.111|6.111,177,0.9491525423728814,69.66666666666667,1,1,successor,1.0,name_key_union_lineage,in_lineage,3.111|5.111|6.111,1,20221,pending,TRAIN-supported normalized-name match is catalogued inside the corrected union lineage scope; proposal remains pending.,,,,
111,1253.111,الميكانيك النظري,ميكانيك نظري,ميكانيك نظري,3.0,5,30.111|45.111,1,specific,16,,,,,,unknown,unknown,,,,,,0,none,,none,,3.111|5.111|6.111,,20231,pending,No TRAIN-present normalized-name predecessor exists in the catalog after structural exclusions.,,,,
111,1254.111,نظرية التحكم,نظريه تحكم,نظريه تحكم,3.0,5,30.111|45.111,1,specific,6,,,,,,unknown,unknown,,,,,,0,none,,none,,3.111|5.111|6.111,,20222,pending,No TRAIN-present normalized-name predecessor exists in the catalog after structural exclusions.,,,,
111,1255.111,مدخل إلى الروبوتية,مدخل الي روبوتيه,مدخل الي روبوتيه,3.0,5,27.111|30.111|45.111|47.111,2,specific,14,445.111,مدخل إلى الروبوتية,مدخل الي روبوتيه,3.0,0.0,false,false,4.111,3,1.0,84.33333333333333,1,0,candidate_below_support,,name_key_global,in_lineage,3.111|4.111|5.111|6.111,1,20222,pending,"Name-key candidate retained for visibility, but raw TRAIN support 3 is below min_support=20.",,,,
111,1256.111,الحساسات والتحسس,حساسات والتحسس,حساسات والتحسس,3.0,5,30.111|45.111,1,specific,1,,,,,,unknown,unknown,,,,,,0,none,,none,,3.111|5.111|6.111,,20233,pending,No TRAIN-present normalized-name predecessor exists in the catalog after structural exclusions.,,,,
111,1257.111,الآلات الكهربائية,الات كهرباييه,الات كهرباييه,3.0,5,30.111|45.111,1,specific,5,,,,,,unknown,unknown,,,,,,0,none,,none,,3.111|5.111|6.111,,20231,pending,No TRAIN-present normalized-name predecessor exists in the catalog after structural exclusions.,,,,
111,1258.111,النظم الروبوتية,نظم روبوتيه,نظم روبوتيه,3.0,5,30.111|45.111,1,specific,4,,,,,,unknown,unknown,,,,,,0,none,,none,,3.111|5.111|6.111,,20232,pending,No TRAIN-present normalized-name predecessor exists in the catalog after structural exclusions.,,,,
111,1259.111,الميكانيك والآلات,ميكانيك والالات,ميكانيك والالات,3.0,5,30.111|45.111,1,specific,4,,,,,,unknown,unknown,,,,,,0,none,,none,,3.111|5.111|6.111,,20232,pending,No TRAIN-present normalized-name predecessor exists in the catalog after structural exclusions.,,,,
111,1260.111,التصميم بمساعدة الحاسوب,تصميم بمساعده حاسوب,تصميم بمساعده حاسوب,3.0,5,30.111|45.111,1,specific,5,,,,,,unknown,unknown,,,,,,0,none,,none,,3.111|5.111|6.111,,20221,pending,No TRAIN-present normalized-name predecessor exists in the catalog after structural exclusions.,,,,
111,1267.111,بروتوكولات الشبكات الحاسوبية,بروتوكولات شبكات حاسوبيه,بروتوكولات شبكات حاسوبيه,3.0,5,29.111|48.111,1,specific,11,,,,,,unknown,unknown,,,,,,0,none,,none,,3.111|5.111|6.111,,20221,pending,No TRAIN-present normalized-name predecessor exists in the catalog after structural exclusions.,,,,
111,1268.111,برمجة نظم التشغيل,برمجه نظم تشغيل,برمجه نظم تشغيل,3.0,5,29.111|48.111,1,specific,4,,,,,,unknown,unknown,,,,,,0,none,,none,,3.111|5.111|6.111,,20231,pending,No TRAIN-present normalized-name predecessor exists in the catalog after structural exclusions.,,,,
111,1269.111,أساسيات أمن الحواسيب,اساسيات امن حواسيب,اساسيات امن حواسيب,3.0,5,29.111|48.111,1,specific,44,,,,,,unknown,unknown,,,,,,0,none,,none,,3.111|5.111|6.111,,20223,pending,No TRAIN-present normalized-name predecessor exists in the catalog after structural exclusions.,,,,
111,1271.111,برمجة التطبيقات الشبكية,برمجه تطبيقات شبكيه,برمجه تطبيقات شبكيه,3.0,5,29.111|48.111,1,specific,13,544.111,برمجة التطبيقات الشبكية,برمجه تطبيقات شبكيه,3.0,0.0,false,true,3.111|6.111,243,0.8847736625514403,70.87654320987654,1,1,successor,1.0,name_key_union_lineage,in_lineage,3.111|5.111|6.111,1,20231,pending,TRAIN-supported normalized-name match is catalogued inside the corrected union lineage scope; proposal remains pending.,,,,
111,1271.111,برمجة التطبيقات الشبكية,برمجه تطبيقات شبكيه,برمجه تطبيقات شبكيه,3.0,5,29.111|48.111,1,specific,13,417.111,برمجة التطبيقات الشبكية,برمجه تطبيقات شبكيه,3.0,0.0,false,false,18.111,54,0.46296296296296297,44.94444444444444,2,1,name_only_review_candidate,,cross_faculty_name_only_review_candidate,cross_faculty,3.111|5.111|6.111,,20231,pending,Normalized-name match lies outside lineage scope and has no TRAIN/VALID faculty intersection; visible and unweighted.,,,,
111,1272.111,أمن نظم قواعد البيانات,امن نظم قواعد بيانات,امن نظم قواعد بيانات,3.0,5,26.111|27.111|29.111|46.111|47.111|48.111,1,specific,54,,,,,,unknown,unknown,,,,,,0,none,,none,,3.111|4.111|5.111|6.111,,20231,pending,No TRAIN-present normalized-name predecessor exists in the catalog after structural exclusions.,,,,
111,1273.111,أمن الشبكات والأمن السيبراني,امن شبكات والامن سيبراني,امن شبكات والامن سيبراني,3.0,5,29.111|48.111,1,specific,20,,,,,,unknown,unknown,,,,,,0,none,,none,,3.111|5.111|6.111,,20231,pending,No TRAIN-present normalized-name predecessor exists in the catalog after structural exclusions.,,,,
111,1275.111,إدارة الشبكات الحاسوبية,اداره شبكات حاسوبيه,اداره شبكات حاسوبيه,3.0,5,27.111|29.111|30.111|45.111|47.111|48.111,2,specific,10,,,,,,unknown,unknown,,,,,,0,none,,none,,3.111|4.111|5.111|6.111,,20232,pending,No TRAIN-present normalized-name predecessor exists in the catalog after structural exclusions.,,,,
111,1276.111,كشف التطفل وإدارة الاختراقات,كشف تطفل واداره اختراقات,كشف تطفل واداره اختراقات,3.0,5,29.111|48.111,1,specific,2,,,,,,unknown,unknown,,,,,,0,none,,none,,3.111|5.111|6.111,,20232,pending,No TRAIN-present normalized-name predecessor exists in the catalog after structural exclusions.,,,,
111,1277.111,نظم الزمن الحقيقي,نظم زمن حقيقي,نظم زمن حقيقي,3.0,5,29.111|48.111,1,specific,1,536.111,نظم الزمن الحقيقي,نظم زمن حقيقي,3.0,0.0,false,true,3.111|5.111|6.111,353,0.9405099150141643,70.3201133144476,1,1,successor,1.0,name_key_union_lineage,in_lineage,3.111|5.111|6.111,1,20232,pending,TRAIN-supported normalized-name match is catalogued inside the corrected union lineage scope; proposal remains pending.,,,,
111,1281.111,الاتصالات التسويقية المتكاملة,اتصالات تسويقيه متكامله,اتصالات تسويقيه متكامله,3.0,5,35.111|56.111,1,specific,4,,,,,,unknown,unknown,,,,,,0,none,,none,,7.111|10.111|11.111,,20232,pending,No TRAIN-present normalized-name predecessor exists in the catalog after structural exclusions.,,,,
111,1282.111,الاقتصاد الجزئي,اقتصاد جزيي,اقتصاد جزيي,3.0,3,33.111|34.111|35.111|36.111|37.111|38.111|39.111|40.111|51.111|52.111|53.111|54.111|55.111|56.111,7,shared,373,45.111,الاقتصاد الجزئي,اقتصاد جزيي,2.0,1.0,true,false,7.111|8.111|9.111|10.111|11.111|12.111|22.111,738,0.8360433604336044,64.53794037940379,1,1,successor,1.0,name_key_global,in_lineage,ALL_TRAIN_PRESENT_COURSES,,20222,pending,TRAIN-supported normalized-name match is catalogued inside the corrected union lineage scope; proposal remains pending.,,,,
111,1283.111,الاقتصاد الكلي,اقتصاد كلي,اقتصاد كلي,3.0,3,33.111|34.111|35.111|36.111|37.111|38.111|39.111|40.111|51.111|52.111|53.111|54.111|55.111|56.111,7,shared,109,48.111,الاقتصاد الكلي,اقتصاد كلي,2.0,1.0,true,false,7.111|8.111|9.111|10.111|11.111|12.111|22.111,550,0.8654545454545455,66.70727272727272,1,1,successor,1.0,name_key_global,in_lineage,ALL_TRAIN_PRESENT_COURSES,,20223,pending,TRAIN-supported normalized-name match is catalogued inside the corrected union lineage scope; proposal remains pending.,,,,
111,1284.111,الإدارة الاستراتيجية,اداره استراتيجيه,اداره استراتيجيه,3.0,5,33.111|54.111,1,specific,3,84.111,إدارة استراتيجية,اداره استراتيجيه,3.0,0.0,false,false,8.111|12.111,177,0.9491525423728814,73.13559322033899,1,1,successor,1.0,name_key_union_lineage,in_lineage,8.111|10.111|11.111,1,20233,pending,TRAIN-supported normalized-name match is catalogued inside the corrected union lineage scope; proposal remains pending.,,,,
111,1284.111,الإدارة الاستراتيجية,اداره استراتيجيه,اداره استراتيجيه,3.0,5,33.111|54.111,1,specific,3,200.111,ادارة استراتيجية,اداره استراتيجيه,2.0,1.0,true,false,19.111,80,0.7625,58.7875,2,1,name_only_review_candidate,,cross_faculty_name_only_review_candidate,cross_faculty,8.111|10.111|11.111,,20233,pending,Normalized-name match lies outside lineage scope and has no TRAIN/VALID faculty intersection; visible and unweighted.,,,,
111,1285.111,الإدارة الاستراتيجية للموارد البشرية,اداره استراتيجيه للموارد بشريه,اداره استراتيجيه للموارد بشريه,3.0,5,34.111|53.111,1,specific,1,93.111,الإدارة الإستراتيجية للموارد البشرية,اداره استراتيجيه للموارد بشريه,3.0,0.0,false,false,8.111,156,0.9615384615384616,73.12179487179488,1,1,successor,1.0,name_key_union_lineage,in_lineage,8.111|10.111|11.111,1,20221,pending,TRAIN-supported normalized-name match is catalogued inside the corrected union lineage scope; proposal remains pending.,,,,
111,1288.111,الإدارة المالية,اداره ماليه,اداره ماليه,3.0,5,33.111|37.111|52.111|54.111,2,specific,4,47.111,الإدارة المالية,اداره ماليه,2.0,1.0,true,true,7.111|8.111|9.111|10.111|11.111|12.111|22.111,602,0.8421926910299004,66.98172757475083,1,1,successor,1.0,name_key_union_lineage,in_lineage,8.111|10.111|11.111|22.111,1,20233,pending,TRAIN-supported normalized-name match is catalogued inside the corrected union lineage scope; proposal remains pending.,,,,
111,1290.111,التدريب والتطوير,تدريب والتطوير,تدريب والتطوير,3.0,5,34.111|53.111,1,specific,1,,,,,,unknown,unknown,,,,,,0,none,,none,,8.111|10.111|11.111,,20231,pending,No TRAIN-present normalized-name predecessor exists in the catalog after structural exclusions.,,,,
111,1291.111,التدقيق الداخلي,تدقيق داخلي,تدقيق داخلي,3.0,5,36.111|55.111,1,specific,5,23.111,التدقيق الداخلي,تدقيق داخلي,3.0,0.0,false,false,11.111,84,0.9285714285714286,66.26190476190476,1,1,successor,1.0,name_key_union_lineage,in_lineage,10.111|11.111|22.111,1,20233,pending,TRAIN-supported normalized-name match is catalogued inside the corrected union lineage scope; proposal remains pending.,,,,
111,1299.111,السلوك التنظيمي,سلوك تنظيمي,سلوك تنظيمي,3.0,5,33.111|34.111|53.111|54.111,2,specific,11,82.111,السلوك التنظيمي,سلوك تنظيمي,3.0,0.0,false,false,8.111,144,0.9305555555555556,79.48611111111111,1,1,successor,1.0,name_key_union_lineage,in_lineage,8.111|10.111|11.111,1,20221,pending,TRAIN-supported normalized-name match is catalogued inside the corrected union lineage scope; proposal remains pending.,,,,
111,1300.111,العلاقات العامة,علاقات عامه,علاقات عامه,3.0,5,35.111|56.111,1,specific,2,100.111,العلاقات العامة,علاقات عامه,3.0,0.0,false,false,7.111|8.111,193,0.927461139896373,72.53367875647669,1,1,successor,1.0,name_key_union_lineage,in_lineage,7.111|10.111|11.111,1,20233,pending,TRAIN-supported normalized-name match is catalogued inside the corrected union lineage scope; proposal remains pending.,,,,
111,1300.111,العلاقات العامة,علاقات عامه,علاقات عامه,3.0,5,35.111|56.111,1,specific,2,199.111,العلاقات العامة,علاقات عامه,3.0,0.0,false,false,19.111,76,0.8289473684210527,64.46052631578948,2,1,name_only_review_candidate,,cross_faculty_name_only_review_candidate,cross_faculty,7.111|10.111|11.111,,20233,pending,Normalized-name match lies outside lineage scope and has no TRAIN/VALID faculty intersection; visible and unweighted.,,,,
111,1301.111,القيادة الإدارية,قياده اداريه,قياده اداريه,3.0,5,34.111|53.111,1,specific,4,,,,,,unknown,unknown,,,,,,0,none,,none,,8.111|10.111|11.111,,20231,pending,No TRAIN-present normalized-name predecessor exists in the catalog after structural exclusions.,,,,
111,1303.111,المالية العامة,ماليه عامه,ماليه عامه,3.0,3,33.111|34.111|35.111|36.111|37.111|38.111|39.111|40.111|51.111|52.111|53.111|54.111|55.111|56.111,7,shared,105,182.111,مالية عامة,ماليه عامه,2.0,1.0,true,true,19.111,83,0.8313253012048193,63.36144578313253,1,2,consolidated_into,0.6384615384615384,name_key_global,in_lineage,ALL_TRAIN_PRESENT_COURSES,,20222,pending,TRAIN-supported normalized-name match is catalogued inside the corrected union lineage scope; proposal remains pending.,,,,
111,1303.111,المالية العامة,ماليه عامه,ماليه عامه,3.0,3,33.111|34.111|35.111|36.111|37.111|38.111|39.111|40.111|51.111|52.111|53.111|54.111|55.111|56.111,7,shared,105,59.111,المالية العامة,ماليه عامه,3.0,0.0,false,true,10.111,47,0.9787234042553191,80.08510638297872,2,2,consolidated_into,0.36153846153846153,name_key_global,in_lineage,ALL_TRAIN_PRESENT_COURSES,,20222,pending,TRAIN-supported normalized-name match is catalogued inside the corrected union lineage scope; proposal remains pending.,,,,
111,1304.111,المحاسبة الدولية,محاسبه دوليه,محاسبه دوليه,3.0,5,36.111|55.111,1,specific,1,16.111,المحاسبة الدولية,محاسبه دوليه,3.0,0.0,false,false,11.111,77,1.0,82.14285714285714,1,1,successor,1.0,name_key_union_lineage,in_lineage,10.111|11.111|22.111,1,20232,pending,TRAIN-supported normalized-name match is catalogued inside the corrected union lineage scope; proposal remains pending.,,,,
111,1305.111,المحاسبة الضريبية,محاسبه ضريبيه,محاسبه ضريبيه,3.0,5,36.111|55.111,1,specific,1,15.111,المحاسبة الضريبية,محاسبه ضريبيه,3.0,0.0,false,false,11.111,117,0.9914529914529915,80.76923076923077,1,1,successor,1.0,name_key_union_lineage,in_lineage,10.111|11.111|22.111,1,20231,pending,TRAIN-supported normalized-name match is catalogued inside the corrected union lineage scope; proposal remains pending.,,,,
111,1306.111,المصارف الاسلامية,مصارف اسلاميه,مصارف اسلاميه,3.0,5,37.111|52.111,1,specific,2,53.111,المصارف الاسلامية,مصارف اسلاميه,3.0,0.0,false,false,10.111,55,0.8727272727272727,69.30909090909091,1,1,successor,1.0,name_key_union_lineage,in_lineage,10.111|11.111|22.111,1,20233,pending,TRAIN-supported normalized-name match is catalogued inside the corrected union lineage scope; proposal remains pending.,,,,
111,1309.111,إحصاء الاعمال1,احصاء اعمال#1,احصاء اعمال,3.0,3,33.111|34.111|35.111|36.111|37.111|38.111|39.111|40.111|51.111|52.111|53.111|54.111|55.111|56.111,7,shared,268,,,,,,unknown,unknown,,,,,,0,none,,none,,ALL_TRAIN_PRESENT_COURSES,,20222,pending,No TRAIN-present normalized-name predecessor exists in the catalog after structural exclusions.,,,,
111,1314.111,إدارة الأعمال الدولية,اداره اعمال دوليه,اداره اعمال دوليه,3.0,5,33.111|54.111,1,specific,4,,,,,,unknown,unknown,,,,,,0,none,,none,,8.111|10.111|11.111,,20232,pending,No TRAIN-present normalized-name predecessor exists in the catalog after structural exclusions.,,,,
111,1318.111,إدارة التغيير,اداره تغيير,اداره تغيير,3.0,5,33.111|34.111|53.111|54.111,2,specific,8,81.111,إدارة التغيير,اداره تغيير,3.0,0.0,false,false,8.111,175,0.9771428571428571,74.37714285714286,1,1,successor,1.0,name_key_union_lineage,in_lineage,8.111|10.111|11.111,1,20221,pending,TRAIN-supported normalized-name match is catalogued inside the corrected union lineage scope; proposal remains pending.,,,,
111,1320.111,إدارة التفاوض في الموارد البشرية,اداره تفاوض في موارد بشريه,اداره تفاوض في موارد بشريه,3.0,5,34.111|53.111,1,specific,1,,,,,,unknown,unknown,,,,,,0,none,,none,,8.111|10.111|11.111,,20232,pending,No TRAIN-present normalized-name predecessor exists in the catalog after structural exclusions.,,,,
111,1321.111,إدارة التفاوض في التسويق,اداره تفاوض في تسويق,اداره تفاوض في تسويق,3.0,5,35.111|56.111,1,specific,2,,,,,,unknown,unknown,,,,,,0,none,,none,,7.111|10.111|11.111,,20232,pending,No TRAIN-present normalized-name predecessor exists in the catalog after structural exclusions.,,,,
111,1324.111,إدارة الجودة,اداره جوده,اداره جوده,3.0,4,33.111|34.111|35.111|36.111|37.111|38.111|39.111|40.111|51.111|52.111|53.111|54.111|55.111|56.111,7,shared,25,72.111,إدارة الجودة,اداره جوده,2.0,1.0,true,true,7.111|8.111|9.111|10.111|11.111|12.111|22.111,557,0.8456014362657092,66.87253141831239,1,1,successor,1.0,name_key_global,in_lineage,ALL_TRAIN_PRESENT_COURSES,,20223,pending,TRAIN-supported normalized-name match is catalogued inside the corrected union lineage scope; proposal remains pending.,,,,
111,1325.111,إدارة العلاقة مع الزبائن,اداره علاقه مع زباين,اداره علاقه مع زباين,3.0,5,35.111|56.111,1,specific,2,,,,,,unknown,unknown,,,,,,0,none,,none,,7.111|10.111|11.111,,20232,pending,No TRAIN-present normalized-name predecessor exists in the catalog after structural exclusions.,,,,
111,1326.111,إدارة العمليات المصرفية,اداره عمليات مصرفيه,اداره عمليات مصرفيه,3.0,5,37.111|52.111,1,specific,3,,,,,,unknown,unknown,,,,,,0,none,,none,,10.111|11.111|22.111,,20232,pending,No TRAIN-present normalized-name predecessor exists in the catalog after structural exclusions.,,,,
111,1327.111,إدارة العمليات والإنتاج,اداره عمليات والانتاج,اداره عمليات والانتاج,3.0,3,33.111|34.111|35.111|36.111|37.111|38.111|39.111|40.111|51.111|52.111|53.111|54.111|55.111|56.111,7,shared,161,,,,,,unknown,unknown,,,,,,0,none,,none,,ALL_TRAIN_PRESENT_COURSES,,20222,pending,No TRAIN-present normalized-name predecessor exists in the catalog after structural exclusions.,,,,
111,1330.111,إدارة المشتريات,اداره مشتريات,اداره مشتريات,3.0,5,35.111|56.111,1,specific,1,,,,,,unknown,unknown,,,,,,0,none,,none,,7.111|10.111|11.111,,20233,pending,No TRAIN-present normalized-name predecessor exists in the catalog after structural exclusions.,,,,
111,1332.111,إدارة الموارد البشرية,اداره موارد بشريه,اداره موارد بشريه,3.0,3,33.111|34.111|35.111|36.111|37.111|38.111|39.111|40.111|51.111|52.111|53.111|54.111|55.111|56.111,7,shared,594,73.111,إدارة الموارد البشرية,اداره موارد بشريه,3.0,0.0,false,false,7.111|8.111|9.111|10.111|11.111|12.111|22.111,958,0.8663883089770354,67.90396659707724,1,2,consolidated_into,0.8978444236176195,name_key_global,in_lineage,ALL_TRAIN_PRESENT_COURSES,,20221,pending,TRAIN-supported normalized-name match is catalogued inside the corrected union lineage scope; proposal remains pending.,,,,
111,1332.111,إدارة الموارد البشرية,اداره موارد بشريه,اداره موارد بشريه,3.0,3,33.111|34.111|35.111|36.111|37.111|38.111|39.111|40.111|51.111|52.111|53.111|54.111|55.111|56.111,7,shared,594,191.111,ادارة موارد بشرية,اداره موارد بشريه,2.0,1.0,true,true,19.111,109,0.6605504587155964,57.51376146788991,2,2,consolidated_into,0.1021555763823805,name_key_global,in_lineage,ALL_TRAIN_PRESENT_COURSES,,20221,pending,TRAIN-supported normalized-name match is catalogued inside the corrected union lineage scope; proposal remains pending.,,,,
111,1336.111,إدارة عمليات التأمين,اداره عمليات تامين,اداره عمليات تامين,3.0,5,37.111|52.111,1,specific,3,54.111,ادارة عمليات التامين,اداره عمليات تامين,3.0,0.0,false,false,10.111,62,0.7096774193548387,62.16129032258065,1,1,successor,1.0,name_key_union_lineage,in_lineage,10.111|11.111|22.111,1,20232,pending,TRAIN-supported normalized-name match is catalogued inside the corrected union lineage scope; proposal remains pending.,,,,
111,1339.111,إنكليزي الأعمال,انكليزي اعمال,انكليزي اعمال,3.0,6,34.111|35.111|53.111|56.111,2,specific,3,74.111,إنكليزي الأعمال,انكليزي اعمال,3.0,0.0,false,true,7.111|8.111|9.111|10.111|11.111|12.111|22.111,178,0.9719101123595506,83.23033707865169,1,1,successor,1.0,name_key_union_lineage,in_lineage,7.111|8.111|10.111|11.111,1,20233,pending,TRAIN-supported normalized-name match is catalogued inside the corrected union lineage scope; proposal remains pending.,,,,
111,1340.111,أخلاقيات الاعمال,اخلاقيات اعمال,اخلاقيات اعمال,3.0,5,34.111|53.111,1,specific,9,,,,,,unknown,unknown,,,,,,0,none,,none,,8.111|10.111|11.111,,20221,pending,No TRAIN-present normalized-name predecessor exists in the catalog after structural exclusions.,,,,
111,1343.111,أسواق العمل,اسواق عمل,اسواق عمل,3.0,5,34.111|53.111,1,specific,10,,,,,,unknown,unknown,,,,,,0,none,,none,,8.111|10.111|11.111,,20232,pending,No TRAIN-present normalized-name predecessor exists in the catalog after structural exclusions.,,,,
111,1346.111,بحوث العمليات,بحوث عمليات,بحوث عمليات,3.0,3,33.111|34.111|35.111|36.111|37.111|38.111|39.111|40.111|51.111|52.111|53.111|54.111|55.111|56.111,7,shared,190,518.111,بحوث العمليات,بحوث عمليات,3.0,0.0,false,false,3.111|4.111|5.111|6.111|21.111,621,0.8647342995169082,70.16908212560386,1,4,consolidated_into,0.6166832174776564,name_key_global,in_lineage,ALL_TRAIN_PRESENT_COURSES,,20223,pending,TRAIN-supported normalized-name match is catalogued inside the corrected union lineage scope; proposal remains pending.,,,,
111,1346.111,بحوث العمليات,بحوث عمليات,بحوث عمليات,3.0,3,33.111|34.111|35.111|36.111|37.111|38.111|39.111|40.111|51.111|52.111|53.111|54.111|55.111|56.111,7,shared,190,122.111,بحوث العمليات,بحوث عمليات,3.0,0.0,false,true,7.111|8.111|9.111|10.111|11.111|12.111|22.111,257,0.867704280155642,69.06225680933852,2,4,consolidated_into,0.25521350546176763,name_key_global,in_lineage,ALL_TRAIN_PRESENT_COURSES,,20223,pending,TRAIN-supported normalized-name match is catalogued inside the corrected union lineage scope; proposal remains pending.,,,,
111,1346.111,بحوث العمليات,بحوث عمليات,بحوث عمليات,3.0,3,33.111|34.111|35.111|36.111|37.111|38.111|39.111|40.111|51.111|52.111|53.111|54.111|55.111|56.111,7,shared,190,205.111,بحوث العمليات,بحوث عمليات,4.0,-1.0,true,true,19.111,80,0.7625,65.7375,3,4,consolidated_into,0.07944389275074479,name_key_global,in_lineage,ALL_TRAIN_PRESENT_COURSES,,20223,pending,TRAIN-supported normalized-name match is catalogued inside the corrected union lineage scope; proposal remains pending.,,,,
111,1346.111,بحوث العمليات,بحوث عمليات,بحوث عمليات,3.0,3,33.111|34.111|35.111|36.111|37.111|38.111|39.111|40.111|51.111|52.111|53.111|54.111|55.111|56.111,7,shared,190,406.111,بحوث عمليات,بحوث عمليات,3.0,0.0,false,true,18.111,49,0.6326530612244898,49.48979591836735,4,4,consolidated_into,0.04865938430983118,name_key_global,in_lineage,ALL_TRAIN_PRESENT_COURSES,,20223,pending,TRAIN-supported normalized-name match is catalogued inside the corrected union lineage scope; proposal remains pending.,,,,
111,1357.111,تقييم المشروعات ودراسات الجدوى الاقتصادية,تقييم مشروعات ودراسات جدوي اقتصاديه,تقييم مشروعات ودراسات جدوي اقتصاديه,3.0,3,33.111|34.111|35.111|36.111|37.111|38.111|39.111|40.111|51.111|52.111|53.111|54.111|55.111|56.111,7,shared,115,,,,,,unknown,unknown,,,,,,0,none,,none,,ALL_TRAIN_PRESENT_COURSES,,20231,pending,No TRAIN-present normalized-name predecessor exists in the catalog after structural exclusions.,,,,
111,1363.111,حل المشكلات واتخاذ القرار,حل مشكلات واتخاذ قرار,حل مشكلات واتخاذ قرار,3.0,5,33.111|34.111|53.111|54.111,2,specific,5,,,,,,unknown,unknown,,,,,,0,none,,none,,8.111|10.111|11.111,,20231,pending,No TRAIN-present normalized-name predecessor exists in the catalog after structural exclusions.,,,,
111,1364.111,ريادة الاعمال وإدارة المشروعات الصغيرة,رياده اعمال واداره مشروعات صغيره,رياده اعمال واداره مشروعات صغيره,3.0,5,33.111|34.111|38.111|51.111|53.111|54.111,3,specific,1,,,,,,unknown,unknown,,,,,,0,none,,none,,8.111|10.111|11.111,,20231,pending,No TRAIN-present normalized-name predecessor exists in the catalog after structural exclusions.,,,,
111,1365.111,رياضيات الأعمال,رياضيات اعمال,رياضيات اعمال,3.0,3,33.111|34.111|35.111|36.111|37.111|38.111|39.111|40.111|51.111|52.111|53.111|54.111|55.111|56.111,7,shared,638,118.111,رياضيات الأعمال,رياضيات اعمال,3.0,0.0,false,false,7.111|8.111|9.111|10.111|11.111|12.111|22.111,1408,0.6995738636363636,57.68892045454545,1,1,successor,1.0,name_key_global,in_lineage,ALL_TRAIN_PRESENT_COURSES,,20221,pending,TRAIN-supported normalized-name match is catalogued inside the corrected union lineage scope; proposal remains pending.,,,,
111,1366.111,رياضيات مالية,رياضيات ماليه,رياضيات ماليه,3.0,5,37.111|52.111,1,specific,3,51.111,رياضيات مالية,رياضيات ماليه,3.0,0.0,false,false,10.111,59,0.8983050847457628,70.16949152542372,1,1,successor,1.0,name_key_union_lineage,in_lineage,10.111|11.111|22.111,1,20232,pending,TRAIN-supported normalized-name match is catalogued inside the corrected union lineage scope; proposal remains pending.,,,,
111,1366.111,رياضيات مالية,رياضيات ماليه,رياضيات ماليه,3.0,5,37.111|52.111,1,specific,3,166.111,رياضيات مالية,رياضيات ماليه,2.0,1.0,true,false,19.111,105,0.7619047619047619,57.61904761904762,2,1,name_only_review_candidate,,cross_faculty_name_only_review_candidate,cross_faculty,10.111|11.111|22.111,,20232,pending,Normalized-name match lies outside lineage scope and has no TRAIN/VALID faculty intersection; visible and unweighted.,,,,
111,1367.111,سلوك المستهلك,سلوك مستهلك,سلوك مستهلك,3.0,5,35.111|56.111,1,specific,3,,,,,,unknown,unknown,,,,,,0,none,,none,,7.111|10.111|11.111,,20233,pending,No TRAIN-present normalized-name predecessor exists in the catalog after structural exclusions.,,,,
111,1368.111,قانون الأعمال,قانون اعمال,قانون اعمال,3.0,3,33.111|34.111|35.111|36.111|37.111|38.111|39.111|40.111|51.111|52.111|53.111|54.111|55.111|56.111,7,shared,531,,,,,,unknown,unknown,,,,,,0,none,,none,,ALL_TRAIN_PRESENT_COURSES,,20221,pending,No TRAIN-present normalized-name predecessor exists in the catalog after structural exclusions.,,,,
111,1369.111,قانون العمل و اتفاقيات العمل الدولية,قانون عمل و اتفاقيات عمل دوليه,قانون عمل و اتفاقيات عمل دوليه,3.0,5,34.111|53.111,1,specific,5,,,,,,unknown,unknown,,,,,,0,none,,none,,8.111|10.111|11.111,,20223,pending,No TRAIN-present normalized-name predecessor exists in the catalog after structural exclusions.,,,,
111,1371.111,مبادئ الاقتصاد,مبادي اقتصاد,مبادي اقتصاد,3.0,4,33.111|34.111|35.111|36.111|37.111|38.111|39.111|40.111|51.111|52.111|53.111|54.111|55.111|56.111,7,shared,168,,,,,,unknown,unknown,,,,,,0,none,,none,,ALL_TRAIN_PRESENT_COURSES,,20221,pending,No TRAIN-present normalized-name predecessor exists in the catalog after structural exclusions.,,,,
111,1372.111,مبادئ الإدارة,مبادي اداره,مبادي اداره,3.0,3,33.111|34.111|35.111|36.111|37.111|38.111|39.111|40.111|51.111|52.111|53.111|54.111|55.111|56.111,7,shared,579,70.111,مبادئ الإدارة,مبادي اداره,2.0,1.0,true,false,7.111|8.111|9.111|10.111|11.111|12.111|22.111,1404,0.7613960113960114,58.32549857549858,1,2,consolidated_into,0.864,name_key_global,in_lineage,ALL_TRAIN_PRESENT_COURSES,,20221,pending,TRAIN-supported normalized-name match is catalogued inside the corrected union lineage scope; proposal remains pending.,,,,
111,1372.111,مبادئ الإدارة,مبادي اداره,مبادي اداره,3.0,3,33.111|34.111|35.111|36.111|37.111|38.111|39.111|40.111|51.111|52.111|53.111|54.111|55.111|56.111,7,shared,579,155.111,مبادئ الادارة,مبادي اداره,2.0,1.0,true,true,19.111,221,0.6787330316742082,57.42081447963801,2,2,consolidated_into,0.136,name_key_global,in_lineage,ALL_TRAIN_PRESENT_COURSES,,20221,pending,TRAIN-supported normalized-name match is catalogued inside the corrected union lineage scope; proposal remains pending.,,,,
111,1373.111,مبادئ الإدارة المالية,مبادي اداره ماليه,مبادي اداره ماليه,3.0,3,33.111|34.111|35.111|36.111|37.111|38.111|39.111|40.111|51.111|52.111|53.111|54.111|55.111|56.111,7,shared,254,44.111,مبادئ الإدارة المالية,مبادي اداره ماليه,2.0,1.0,true,false,7.111|8.111|9.111|10.111|11.111|12.111|22.111,1025,0.7160975609756097,59.86439024390244,1,1,successor,1.0,name_key_global,in_lineage,ALL_TRAIN_PRESENT_COURSES,,20222,pending,TRAIN-supported normalized-name match is catalogued inside the corrected union lineage scope; proposal remains pending.,,,,
111,1374.111,مبادئ التسويق,مبادي تسويق,مبادي تسويق,3.0,3,33.111|34.111|35.111|36.111|37.111|38.111|39.111|40.111|51.111|52.111|53.111|54.111|55.111|56.111,7,shared,394,,,,,,unknown,unknown,,,,,,0,none,,none,,ALL_TRAIN_PRESENT_COURSES,,20221,pending,No TRAIN-present normalized-name predecessor exists in the catalog after structural exclusions.,,,,
111,1375.111,مبادئ المحاسبة1,مبادي محاسبه#1,مبادي محاسبه,3.0,3,33.111|34.111|35.111|36.111|37.111|38.111|39.111|40.111|51.111|52.111|53.111|54.111|55.111|56.111,7,shared,656,1.111,مبادئ المحاسبة 1,مبادي محاسبه#1,2.0,1.0,true,false,7.111|8.111|9.111|10.111|11.111|12.111|22.111,1474,0.7598371777476255,63.93419267299864,1,2,consolidated_into,0.8691037735849056,name_key_global,in_lineage,ALL_TRAIN_PRESENT_COURSES,,20221,pending,TRAIN-supported normalized-name match is catalogued inside the corrected union lineage scope; proposal remains pending.,,,,
111,1375.111,مبادئ المحاسبة1,مبادي محاسبه#1,مبادي محاسبه,3.0,3,33.111|34.111|35.111|36.111|37.111|38.111|39.111|40.111|51.111|52.111|53.111|54.111|55.111|56.111,7,shared,656,154.111,مبادئ المحاسبة 1,مبادي محاسبه#1,3.0,0.0,false,true,19.111,222,0.6576576576576577,56.707207207207205,2,2,consolidated_into,0.13089622641509435,name_key_global,in_lineage,ALL_TRAIN_PRESENT_COURSES,,20221,pending,TRAIN-supported normalized-name match is catalogued inside the corrected union lineage scope; proposal remains pending.,,,,
111,1376.111,مبادئ المحاسبة2,مبادي محاسبه#2,مبادي محاسبه,3.0,3,33.111|34.111|35.111|36.111|37.111|38.111|39.111|40.111|51.111|52.111|53.111|54.111|55.111|56.111,7,shared,292,2.111,مبادئ المحاسبة 2,مبادي محاسبه#2,2.0,1.0,true,false,7.111|8.111|9.111|10.111|11.111|12.111|22.111,984,0.8099593495934959,68.38414634146342,1,2,consolidated_into,0.8275862068965517,name_key_global,in_lineage,ALL_TRAIN_PRESENT_COURSES,,20222,pending,TRAIN-supported normalized-name match is catalogued inside the corrected union lineage scope; proposal remains pending.,,,,
111,1376.111,مبادئ المحاسبة2,مبادي محاسبه#2,مبادي محاسبه,3.0,3,33.111|34.111|35.111|36.111|37.111|38.111|39.111|40.111|51.111|52.111|53.111|54.111|55.111|56.111,7,shared,292,161.111,مبادئ محاسبة 2,مبادي محاسبه#2,3.0,0.0,false,true,19.111,205,0.5804878048780487,50.94146341463415,2,2,consolidated_into,0.1724137931034483,name_key_global,in_lineage,ALL_TRAIN_PRESENT_COURSES,,20222,pending,TRAIN-supported normalized-name match is catalogued inside the corrected union lineage scope; proposal remains pending.,,,,
111,1378.111,محاسبة المؤسسات المالية والمصرفية,محاسبه موسسات ماليه والمصرفيه,محاسبه موسسات ماليه والمصرفيه,3.0,5,36.111|37.111|52.111|55.111,2,specific,11,8.111,محاسبة المؤسسات المالية والمصرفية,محاسبه موسسات ماليه والمصرفيه,3.0,0.0,false,false,10.111|11.111,152,0.8552631578947368,68.77631578947368,1,1,successor,1.0,name_key_union_lineage,in_lineage,10.111|11.111|22.111,1,20222,pending,TRAIN-supported normalized-name match is catalogued inside the corrected union lineage scope; proposal remains pending.,,,,
111,1379.111,محاسبة إدارية,محاسبه اداريه,محاسبه اداريه,3.0,5,36.111|55.111,1,specific,1,7.111,محاسبة إدارية,محاسبه اداريه,3.0,0.0,false,false,11.111|12.111,101,0.8811881188118812,75.38613861386139,1,1,successor,1.0,name_key_union_lineage,in_lineage,10.111|11.111|22.111,1,20231,pending,TRAIN-supported normalized-name match is catalogued inside the corrected union lineage scope; proposal remains pending.,,,,
111,1379.111,محاسبة إدارية,محاسبه اداريه,محاسبه اداريه,3.0,5,36.111|55.111,1,specific,1,196.111,محاسبة ادارية,محاسبه اداريه,3.0,0.0,false,false,19.111,77,0.7272727272727273,57.883116883116884,2,1,name_only_review_candidate,,cross_faculty_name_only_review_candidate,cross_faculty,10.111|11.111|22.111,,20231,pending,Normalized-name match lies outside lineage scope and has no TRAIN/VALID faculty intersection; visible and unweighted.,,,,
111,1380.111,محاسبة تكاليف1,محاسبه تكاليف#1,محاسبه تكاليف,3.0,5,36.111|55.111,1,specific,14,,,,,,unknown,unknown,,,,,,0,none,,none,,10.111|11.111|22.111,,20231,pending,No TRAIN-present normalized-name predecessor exists in the catalog after structural exclusions.,,,,
111,1381.111,محاسبة تكاليف2,محاسبه تكاليف#2,محاسبه تكاليف,3.0,5,36.111|55.111,1,specific,1,,,,,,unknown,unknown,,,,,,0,none,,none,,10.111|11.111|22.111,,20232,pending,No TRAIN-present normalized-name predecessor exists in the catalog after structural exclusions.,,,,
111,1382.111,محاسبة توحيد الأعمال,محاسبه توحيد اعمال,محاسبه توحيد اعمال,3.0,5,36.111|55.111,1,specific,1,17.111,محاسبة توحيد الأعمال,محاسبه توحيد اعمال,3.0,0.0,false,false,11.111,95,0.8842105263157894,73.32631578947368,1,1,successor,1.0,name_key_union_lineage,in_lineage,10.111|11.111|22.111,1,20223,pending,TRAIN-supported normalized-name match is catalogued inside the corrected union lineage scope; proposal remains pending.,,,,
111,1383.111,محاسبة حكومية ومؤسسات غير ربحية,محاسبه حكوميه وموسسات غير ربحيه,محاسبه حكوميه وموسسات غير ربحيه,3.0,5,36.111|55.111,1,specific,1,6.111,محاسبة حكومية  ومؤسسات غير ربحية,محاسبه حكوميه وموسسات غير ربحيه,3.0,0.0,false,false,11.111,111,0.972972972972973,81.37837837837837,1,1,successor,1.0,name_key_union_lineage,in_lineage,10.111|11.111|22.111,1,20223,pending,TRAIN-supported normalized-name match is catalogued inside the corrected union lineage scope; proposal remains pending.,,,,
111,1385.111,محاسبة شركات أشخاص,محاسبه شركات اشخاص,محاسبه شركات اشخاص,3.0,4,33.111|34.111|35.111|36.111|37.111|38.111|39.111|40.111|51.111|52.111|53.111|54.111|55.111|56.111,7,shared,104,3.111,محاسبة شركات الاشخاص,محاسبه شركات اشخاص,3.0,0.0,false,false,7.111|8.111|9.111|10.111|11.111|12.111|22.111,383,0.9216710182767625,73.9242819843342,1,1,successor,1.0,name_key_global,in_lineage,ALL_TRAIN_PRESENT_COURSES,,20223,pending,TRAIN-supported normalized-name match is catalogued inside the corrected union lineage scope; proposal remains pending.,,,,
111,1386.111,محاسبة مالية خاصة,محاسبه ماليه خاصه,محاسبه ماليه خاصه,3.0,5,36.111|55.111,1,specific,7,12.111,محاسبة مالية خاصة,محاسبه ماليه خاصه,3.0,0.0,false,false,11.111,103,0.9514563106796117,75.18446601941747,1,1,successor,1.0,name_key_union_lineage,in_lineage,10.111|11.111|22.111,1,20222,pending,TRAIN-supported normalized-name match is catalogued inside the corrected union lineage scope; proposal remains pending.,,,,
111,1387.111,محاسبة متوسطة1,محاسبه متوسطه#1,محاسبه متوسطه,3.0,5,36.111|55.111,1,specific,17,,,,,,unknown,unknown,,,,,,0,none,,none,,10.111|11.111|22.111,,20231,pending,No TRAIN-present normalized-name predecessor exists in the catalog after structural exclusions.,,,,
111,1388.111,محاسبة متوسطة2,محاسبه متوسطه#2,محاسبه متوسطه,3.0,5,36.111|55.111,1,specific,1,,,,,,unknown,unknown,,,,,,0,none,,none,,10.111|11.111|22.111,,20232,pending,No TRAIN-present normalized-name predecessor exists in the catalog after structural exclusions.,,,,
111,1389.111,مشتقات مالية,مشتقات ماليه,مشتقات ماليه,3.0,6,37.111|52.111,1,specific,3,60.111,المشتقات المالية,مشتقات ماليه,3.0,0.0,false,true,10.111,47,0.8936170212765957,76.14893617021276,1,1,successor,1.0,name_key_union_lineage,in_lineage,10.111|11.111|22.111,1,20233,pending,TRAIN-supported normalized-name match is catalogued inside the corrected union lineage scope; proposal remains pending.,,,,
111,1394.111,مشروع التدريب المهني في إدارة الموارد البشرية,مشروع تدريب مهني في اداره موارد بشريه,مشروع تدريب مهني في اداره موارد بشريه,4.0,5,34.111|53.111,1,specific,1,,,,,,unknown,unknown,,,,,,0,none,,none,,8.111|10.111|11.111,,20232,pending,No TRAIN-present normalized-name predecessor exists in the catalog after structural exclusions.,,,,
111,1398.111,مشروع تخرج في المحاسبة والتدقيق,مشروع تخرج في محاسبه والتدقيق,مشروع تخرج في محاسبه والتدقيق,4.0,5,36.111|55.111,1,specific,1,25.111,مشروع  تخرج في المحاسبة والتدقيق,مشروع تخرج في محاسبه والتدقيق,4.0,0.0,false,false,11.111,70,0.9857142857142858,89.62857142857143,1,1,successor,1.0,name_key_union_lineage,in_lineage,10.111|11.111|22.111,1,20233,pending,TRAIN-supported normalized-name match is catalogued inside the corrected union lineage scope; proposal remains pending.,,,,
111,1402.111,مشكلات محاسبية معاصرة,مشكلات محاسبيه معاصره,مشكلات محاسبيه معاصره,3.0,6,36.111|55.111,1,specific,1,18.111,مشكلات محاسبية معاصرة,مشكلات محاسبيه معاصره,3.0,0.0,false,false,11.111,104,0.9711538461538461,80.4326923076923,1,1,successor,1.0,name_key_union_lineage,in_lineage,10.111|11.111|22.111,1,20232,pending,TRAIN-supported normalized-name match is catalogued inside the corrected union lineage scope; proposal remains pending.,,,,
111,1403.111,معايير التدقيق الدولية,معايير تدقيق دوليه,معايير تدقيق دوليه,3.0,6,36.111|55.111,1,specific,6,20.111,معايير التدقيق الدولية,معايير تدقيق دوليه,3.0,0.0,false,false,11.111,85,0.9411764705882353,73.89411764705882,1,1,successor,1.0,name_key_union_lineage,in_lineage,10.111|11.111|22.111,1,20222,pending,TRAIN-supported normalized-name match is catalogued inside the corrected union lineage scope; proposal remains pending.,,,,
111,1405.111,مناهج البحث العلمي,مناهج بحث علمي,مناهج بحث علمي,3.0,3,33.111|34.111|35.111|36.111|37.111|38.111|39.111|40.111|51.111|52.111|53.111|54.111|55.111|56.111,7,shared,153,,,,,,unknown,unknown,,,,,,0,none,,none,,ALL_TRAIN_PRESENT_COURSES,,20232,pending,No TRAIN-present normalized-name predecessor exists in the catalog after structural exclusions.,,,,
111,1407.111,مهارات الدخول إلى سوق العمل,مهارات دخول الي سوق عمل,مهارات دخول الي سوق عمل,3.0,4,33.111|34.111|35.111|36.111|37.111|38.111|39.111|40.111|51.111|52.111|53.111|54.111|55.111|56.111,7,shared,1,,,,,,unknown,unknown,,,,,,0,none,,none,,ALL_TRAIN_PRESENT_COURSES,,20233,pending,No TRAIN-present normalized-name predecessor exists in the catalog after structural exclusions.,,,,
111,1409.111,نظرية المحاسبة,نظريه محاسبه,نظريه محاسبه,3.0,4,33.111|34.111|35.111|36.111|37.111|38.111|39.111|40.111|51.111|52.111|53.111|54.111|55.111|56.111,7,shared,52,24.111,نظرية المحاسبة,نظريه محاسبه,3.0,0.0,false,true,11.111,84,0.9880952380952381,76.73809523809524,1,1,successor,1.0,name_key_global,in_lineage,ALL_TRAIN_PRESENT_COURSES,,20232,pending,TRAIN-supported normalized-name match is catalogued inside the corrected union lineage scope; proposal remains pending.,,,,
111,1412.111,نظم المعلومات الإدارية,نظم معلومات اداريه,نظم معلومات اداريه,3.0,3,33.111|34.111|35.111|36.111|37.111|38.111|39.111|40.111|51.111|52.111|53.111|54.111|55.111|56.111,7,shared,91,121.111,نظم المعلومات الإدارية 1,نظم معلومات اداريه#1,3.0,0.0,false,false,7.111|8.111|9.111|10.111|11.111|12.111|22.111,531,0.8173258003766478,61.13559322033898,1,3,consolidated_into,0.715633423180593,name_stem_catalog_consolidation,in_lineage,ALL_TRAIN_PRESENT_COURSES,,20222,pending,TRAIN-supported normalized-name match is catalogued inside the corrected union lineage scope; proposal remains pending.,,,,
111,1412.111,نظم المعلومات الإدارية,نظم معلومات اداريه,نظم معلومات اداريه,3.0,3,33.111|34.111|35.111|36.111|37.111|38.111|39.111|40.111|51.111|52.111|53.111|54.111|55.111|56.111,7,shared,91,545.111,نظم المعلومات الإدارية,نظم معلومات اداريه,3.0,0.0,false,true,3.111,135,0.9629629629629629,72.82962962962964,2,3,consolidated_into,0.18194070080862534,name_key_global,in_lineage,ALL_TRAIN_PRESENT_COURSES,,20222,pending,TRAIN-supported normalized-name match is catalogued inside the corrected union lineage scope; proposal remains pending.,,,,
111,1412.111,نظم المعلومات الإدارية,نظم معلومات اداريه,نظم معلومات اداريه,3.0,3,33.111|34.111|35.111|36.111|37.111|38.111|39.111|40.111|51.111|52.111|53.111|54.111|55.111|56.111,7,shared,91,195.111,نظم المعلومات الادارية,نظم معلومات اداريه,2.0,1.0,true,true,19.111,76,0.8026315789473685,60.76315789473684,3,3,consolidated_into,0.10242587601078167,name_key_global,in_lineage,ALL_TRAIN_PRESENT_COURSES,,20222,pending,TRAIN-supported normalized-name match is catalogued inside the corrected union lineage scope; proposal remains pending.,,,,
111,1412.111,نظم المعلومات الإدارية,نظم معلومات اداريه,نظم معلومات اداريه,3.0,3,33.111|34.111|35.111|36.111|37.111|38.111|39.111|40.111|51.111|52.111|53.111|54.111|55.111|56.111,7,shared,91,123.111,نظم المعلومات الإدارية 2,نظم معلومات اداريه#2,3.0,0.0,false,true,7.111|8.111|9.111|10.111|11.111|12.111|22.111,16,0.8125,58.625,4,3,candidate_below_support,,name_stem_catalog_consolidation,in_lineage,ALL_TRAIN_PRESENT_COURSES,,20222,pending,"Name-key candidate retained for visibility, but raw TRAIN support 16 is below min_support=20.",,,,
111,1418.111,نظم معلومات إدارة الموارد البشرية,نظم معلومات اداره موارد بشريه,نظم معلومات اداره موارد بشريه,3.0,5,34.111|53.111,1,specific,6,,,,,,unknown,unknown,,,,,,0,none,,none,,8.111|10.111|11.111,,20223,pending,No TRAIN-present normalized-name predecessor exists in the catalog after structural exclusions.,,,,
111,1419.111,نقود ومصارف,نقود ومصارف,نقود ومصارف,3.0,5,33.111|37.111|52.111|54.111,2,specific,2,49.111,نقود ومصارف,نقود ومصارف,3.0,0.0,false,false,10.111,48,0.9375,78.27083333333333,1,1,successor,1.0,name_key_union_lineage,in_lineage,8.111|10.111|11.111|22.111,1,20232,pending,TRAIN-supported normalized-name match is catalogued inside the lineage scope and was generated by the ordinary automatic rule; proposal remains pending.,,,,
111,1419.111,نقود ومصارف,نقود ومصارف,نقود ومصارف,3.0,5,33.111|37.111|52.111|54.111,2,specific,2,168.111,نقود ومصارف,نقود ومصارف,2.0,1.0,true,false,19.111,109,0.7247706422018348,62.75229357798165,1,0,name_only_review_candidate,,cross_faculty_name_only_review_candidate,cross_faculty,8.111|10.111|11.111|22.111,,20232,pending,Normalized-name match lies outside lineage scope and has no TRAIN/VALID faculty intersection; visible and unweighted.,,,,
111,1421.111,مهارات اللغة العربية,مهارات لغه عربيه,مهارات لغه عربيه,2.0,1,40.111|41.111|42.111|44.111|45.111|46.111|47.111|48.111|49.111|50.111|51.111|52.111|53.111|54.111|55.111|56.111|57.111|58.111|59.111|60.111|61.111|64.111|65.111,16,shared,854,,,,,,unknown,unknown,,,,,,0,none,,none,,ALL_TRAIN_PRESENT_COURSES,,20231,pending,No TRAIN-present normalized-name predecessor exists in the catalog after structural exclusions.,,,,
111,1422.111,مهارات الحاسوب,مهارات حاسوب,مهارات حاسوب,3.0,1,40.111|41.111|42.111|44.111|45.111|46.111|47.111|48.111|49.111|50.111|51.111|52.111|53.111|54.111|55.111|56.111|57.111|58.111|59.111|60.111|61.111|64.111|65.111,16,shared,686,967.111,مهارات الحاسوب,مهارات حاسوب,3.0,0.0,false,false,1.111|2.111|3.111|4.111|5.111|6.111|7.111|8.111|9.111|10.111|11.111|12.111|13.111|21.111|22.111|24.111|25.111|26.111|27.111|29.111|30.111|31.111|33.111|34.111|35.111|36.111|37.111|38.111|39.111,9254,0.9153879403501188,70.33077588070024,1,5,consolidated_into,0.9502002258958825,name_key_global,in_lineage,ALL_TRAIN_PRESENT_COURSES,,20231,pending,TRAIN-supported normalized-name match is catalogued inside the corrected union lineage scope; proposal remains pending.,,,,
111,1422.111,مهارات الحاسوب,مهارات حاسوب,مهارات حاسوب,3.0,1,40.111|41.111|42.111|44.111|45.111|46.111|47.111|48.111|49.111|50.111|51.111|52.111|53.111|54.111|55.111|56.111|57.111|58.111|59.111|60.111|61.111|64.111|65.111,16,shared,686,150.111,مهارات الحاسوب 1,مهارات حاسوب#1,3.0,0.0,false,false,19.111,192,0.875,67.84895833333333,2,5,consolidated_into,0.019714549748434132,name_stem_catalog_consolidation,in_lineage,ALL_TRAIN_PRESENT_COURSES,,20231,pending,TRAIN-supported normalized-name match is catalogued inside the corrected union lineage scope; proposal remains pending.,,,,
111,1422.111,مهارات الحاسوب,مهارات حاسوب,مهارات حاسوب,3.0,1,40.111|41.111|42.111|44.111|45.111|46.111|47.111|48.111|49.111|50.111|51.111|52.111|53.111|54.111|55.111|56.111|57.111|58.111|59.111|60.111|61.111|64.111|65.111,16,shared,686,398.111,مهارات الحاسوب,مهارات حاسوب,3.0,0.0,false,true,18.111,149,0.8590604026845637,64.48322147651007,3,5,consolidated_into,0.015299312044357737,name_key_global,in_lineage,ALL_TRAIN_PRESENT_COURSES,,20231,pending,TRAIN-supported normalized-name match is catalogued inside the corrected union lineage scope; proposal remains pending.,,,,
111,1422.111,مهارات الحاسوب,مهارات حاسوب,مهارات حاسوب,3.0,1,40.111|41.111|42.111|44.111|45.111|46.111|47.111|48.111|49.111|50.111|51.111|52.111|53.111|54.111|55.111|56.111|57.111|58.111|59.111|60.111|61.111|64.111|65.111,16,shared,686,173.111,مهارات الحاسوب 2,مهارات حاسوب#2,4.0,-1.0,true,false,19.111,89,0.6966292134831461,55.640449438202246,4,5,consolidated_into,0.009138515247972072,name_stem_catalog_consolidation,in_lineage,ALL_TRAIN_PRESENT_COURSES,,20231,pending,TRAIN-supported normalized-name match is catalogued inside the corrected union lineage scope; proposal remains pending.,,,,
111,1422.111,مهارات الحاسوب,مهارات حاسوب,مهارات حاسوب,3.0,1,40.111|41.111|42.111|44.111|45.111|46.111|47.111|48.111|49.111|50.111|51.111|52.111|53.111|54.111|55.111|56.111|57.111|58.111|59.111|60.111|61.111|64.111|65.111,16,shared,686,584.111,مهارات الحاسوب,مهارات حاسوب,3.0,0.0,false,false,15.111,55,0.9090909090909091,70.98181818181818,5,5,consolidated_into,0.0056473970633535275,name_key_global,in_lineage,ALL_TRAIN_PRESENT_COURSES,,20231,pending,TRAIN-supported normalized-name match is catalogued inside the corrected union lineage scope; proposal remains pending.,,,,
111,1423.111,اللغة الإنكليزية – 1,لغه انكليزيه#1,لغه انكليزيه,3.0,1,40.111|41.111|42.111|44.111|45.111|46.111|47.111|48.111|49.111|50.111|51.111|52.111|53.111|54.111|55.111|56.111|57.111|58.111|59.111|60.111|61.111|64.111|65.111,16,shared,979,956.111,اللغة الانكليزية 1,لغه انكليزيه#1,2.0,1.0,true,false,1.111|2.111|3.111|4.111|5.111|6.111|7.111|8.111|9.111|10.111|11.111|12.111|13.111|21.111|22.111|24.111|25.111|26.111|27.111|29.111|30.111|31.111|33.111|34.111|35.111|36.111|37.111|38.111|39.111,6959,0.7669205345595631,64.62796378790055,1,5,consolidated_into,0.876337992696134,name_key_global,in_lineage,ALL_TRAIN_PRESENT_COURSES,,20231,pending,TRAIN-supported normalized-name match is catalogued inside the corrected union lineage scope; proposal remains pending.,,,,
111,1423.111,اللغة الإنكليزية – 1,لغه انكليزيه#1,لغه انكليزيه,3.0,1,40.111|41.111|42.111|44.111|45.111|46.111|47.111|48.111|49.111|50.111|51.111|52.111|53.111|54.111|55.111|56.111|57.111|58.111|59.111|60.111|61.111|64.111|65.111,16,shared,979,830.111,اللغة الانكليزية - 1,لغه انكليزيه#1,3.0,0.0,false,false,20.111,363,0.6776859504132231,56.49586776859504,2,5,consolidated_into,0.04571212693615414,name_key_global,in_lineage,ALL_TRAIN_PRESENT_COURSES,,20231,pending,TRAIN-supported normalized-name match is catalogued inside the corrected union lineage scope; proposal remains pending.,,,,
111,1423.111,اللغة الإنكليزية – 1,لغه انكليزيه#1,لغه انكليزيه,3.0,1,40.111|41.111|42.111|44.111|45.111|46.111|47.111|48.111|49.111|50.111|51.111|52.111|53.111|54.111|55.111|56.111|57.111|58.111|59.111|60.111|61.111|64.111|65.111,16,shared,979,221.111,لغة انكليزية (1),لغه انكليزيه#1,3.0,0.0,false,false,16.111,241,0.9045643153526971,74.79253112033194,3,5,consolidated_into,0.030348822566427403,name_key_global,in_lineage,ALL_TRAIN_PRESENT_COURSES,,20231,pending,TRAIN-supported normalized-name match is catalogued inside the corrected union lineage scope; proposal remains pending.,,,,
111,1423.111,اللغة الإنكليزية – 1,لغه انكليزيه#1,لغه انكليزيه,3.0,1,40.111|41.111|42.111|44.111|45.111|46.111|47.111|48.111|49.111|50.111|51.111|52.111|53.111|54.111|55.111|56.111|57.111|58.111|59.111|60.111|61.111|64.111|65.111,16,shared,979,151.111,اللغة الانكليزية 1,لغه انكليزيه#1,3.0,0.0,false,false,19.111,229,0.6593886462882096,55.379912663755455,4,5,consolidated_into,0.028837677874323134,name_key_global,in_lineage,ALL_TRAIN_PRESENT_COURSES,,20231,pending,TRAIN-supported normalized-name match is catalogued inside the corrected union lineage scope; proposal remains pending.,,,,
111,1423.111,اللغة الإنكليزية – 1,لغه انكليزيه#1,لغه انكليزيه,3.0,1,40.111|41.111|42.111|44.111|45.111|46.111|47.111|48.111|49.111|50.111|51.111|52.111|53.111|54.111|55.111|56.111|57.111|58.111|59.111|60.111|61.111|64.111|65.111,16,shared,979,391.111,اللغة الإنكليزية 1,لغه انكليزيه#1,3.0,0.0,false,false,18.111,149,0.8389261744966443,65.78523489932886,5,5,consolidated_into,0.01876337992696134,name_key_global,in_lineage,ALL_TRAIN_PRESENT_COURSES,,20231,pending,TRAIN-supported normalized-name match is catalogued inside the corrected union lineage scope; proposal remains pending.,,,,
111,1423.111,اللغة الإنكليزية – 1,لغه انكليزيه#1,لغه انكليزيه,3.0,1,40.111|41.111|42.111|44.111|45.111|46.111|47.111|48.111|49.111|50.111|51.111|52.111|53.111|54.111|55.111|56.111|57.111|58.111|59.111|60.111|61.111|64.111|65.111,16,shared,979,893.111,اللغة الأنكليزية (1),لغه انكليزيه#1,3.0,0.0,false,false,17.111,2,0.5,26.0,6,5,candidate_below_support,,name_key_global,in_lineage,ALL_TRAIN_PRESENT_COURSES,,20231,pending,"Name-key candidate retained for visibility, but raw TRAIN support 2 is below min_support=20.",,,,
111,1424.111,اللغة الإنكليزية – 2,لغه انكليزيه#2,لغه انكليزيه,3.0,1,40.111|41.111|42.111|44.111|45.111|46.111|47.111|48.111|49.111|50.111|51.111|52.111|53.111|54.111|55.111|56.111|57.111|58.111|59.111|60.111|61.111|64.111|65.111,16,shared,471,962.111,اللغة الانكليزية 2,لغه انكليزيه#2,2.0,1.0,true,false,1.111|2.111|3.111|4.111|5.111|6.111|7.111|8.111|9.111|10.111|11.111|12.111|13.111|21.111|22.111|24.111|25.111|26.111|27.111|29.111|30.111|31.111|33.111|34.111|35.111|36.111|37.111|38.111|39.111,5362,0.8642297650130548,69.65274151436032,1,5,consolidated_into,0.8595703751202308,name_key_global,in_lineage,ALL_TRAIN_PRESENT_COURSES,,20232,pending,TRAIN-supported normalized-name match is catalogued inside the corrected union lineage scope; proposal remains pending.,,,,
111,1424.111,اللغة الإنكليزية – 2,لغه انكليزيه#2,لغه انكليزيه,3.0,1,40.111|41.111|42.111|44.111|45.111|46.111|47.111|48.111|49.111|50.111|51.111|52.111|53.111|54.111|55.111|56.111|57.111|58.111|59.111|60.111|61.111|64.111|65.111,16,shared,471,836.111,اللغة الانكليزية - 2,لغه انكليزيه#2,3.0,0.0,false,false,20.111,275,0.7418181818181818,61.087272727272726,2,5,consolidated_into,0.04408464251362616,name_key_global,in_lineage,ALL_TRAIN_PRESENT_COURSES,,20232,pending,TRAIN-supported normalized-name match is catalogued inside the corrected union lineage scope; proposal remains pending.,,,,
111,1424.111,اللغة الإنكليزية – 2,لغه انكليزيه#2,لغه انكليزيه,3.0,1,40.111|41.111|42.111|44.111|45.111|46.111|47.111|48.111|49.111|50.111|51.111|52.111|53.111|54.111|55.111|56.111|57.111|58.111|59.111|60.111|61.111|64.111|65.111,16,shared,471,222.111,لغة انكليزية (2),لغه انكليزيه#2,3.0,0.0,false,false,16.111,232,0.9310344827586207,74.03448275862068,3,5,consolidated_into,0.037191407502404614,name_key_global,in_lineage,ALL_TRAIN_PRESENT_COURSES,,20232,pending,TRAIN-supported normalized-name match is catalogued inside the corrected union lineage scope; proposal remains pending.,,,,
111,1424.111,اللغة الإنكليزية – 2,لغه انكليزيه#2,لغه انكليزيه,3.0,1,40.111|41.111|42.111|44.111|45.111|46.111|47.111|48.111|49.111|50.111|51.111|52.111|53.111|54.111|55.111|56.111|57.111|58.111|59.111|60.111|61.111|64.111|65.111,16,shared,471,157.111,لغة انكليزية 2,لغه انكليزيه#2,3.0,0.0,false,false,19.111,189,0.8306878306878307,62.74074074074074,4,5,consolidated_into,0.03029817249118307,name_key_global,in_lineage,ALL_TRAIN_PRESENT_COURSES,,20232,pending,TRAIN-supported normalized-name match is catalogued inside the corrected union lineage scope; proposal remains pending.,,,,
111,1424.111,اللغة الإنكليزية – 2,لغه انكليزيه#2,لغه انكليزيه,3.0,1,40.111|41.111|42.111|44.111|45.111|46.111|47.111|48.111|49.111|50.111|51.111|52.111|53.111|54.111|55.111|56.111|57.111|58.111|59.111|60.111|61.111|64.111|65.111,16,shared,471,392.111,اللغة الإنكليزية 2,لغه انكليزيه#2,3.0,0.0,false,false,18.111,180,0.7333333333333333,60.56111111111111,5,5,consolidated_into,0.028855402372555305,name_key_global,in_lineage,ALL_TRAIN_PRESENT_COURSES,,20232,pending,TRAIN-supported normalized-name match is catalogued inside the corrected union lineage scope; proposal remains pending.,,,,
111,1425.111,مدخل الى القانون,مدخل الي قانون,مدخل الي قانون,2.0,2,40.111|41.111|42.111|44.111|45.111|46.111|47.111|48.111|49.111|50.111|51.111|52.111|53.111|54.111|55.111|56.111|57.111|58.111|59.111|60.111|61.111|64.111|65.111,16,shared,185,1019.111,مدخل الى القانون,مدخل الي قانون,2.0,0.0,false,false,1.111|2.111|3.111|4.111|5.111|6.111|7.111|8.111|9.111|10.111|11.111|12.111|13.111|21.111|22.111|24.111|25.111|26.111|27.111|29.111|30.111|31.111|33.111|34.111|35.111|36.111|37.111|38.111|39.111,4065,0.8988929889298893,74.29323493234932,1,2,consolidated_into,0.9471109040074557,name_key_global,in_lineage,ALL_TRAIN_PRESENT_COURSES,,20231,pending,TRAIN-supported normalized-name match is catalogued inside the corrected union lineage scope; proposal remains pending.,,,,
111,1425.111,مدخل الى القانون,مدخل الي قانون,مدخل الي قانون,2.0,2,40.111|41.111|42.111|44.111|45.111|46.111|47.111|48.111|49.111|50.111|51.111|52.111|53.111|54.111|55.111|56.111|57.111|58.111|59.111|60.111|61.111|64.111|65.111,16,shared,185,152.111,مدخل الى القانون,مدخل الي قانون,2.0,0.0,false,true,19.111,227,0.6343612334801763,53.87665198237885,2,2,consolidated_into,0.052889095992544266,name_key_global,in_lineage,ALL_TRAIN_PRESENT_COURSES,,20231,pending,TRAIN-supported normalized-name match is catalogued inside the corrected union lineage scope; proposal remains pending.,,,,
111,1426.111,علم الاجتماع,علم اجتماع,علم اجتماع,2.0,2,40.111|41.111|42.111|44.111|45.111|46.111|47.111|48.111|49.111|50.111|51.111|52.111|53.111|54.111|55.111|56.111|57.111|58.111|59.111|60.111|61.111|64.111|65.111,16,shared,87,1018.111,علم اجتماع,علم اجتماع,2.0,0.0,false,false,1.111|2.111|3.111|4.111|5.111|6.111|7.111|8.111|9.111|10.111|11.111|12.111|13.111|21.111|22.111|24.111|25.111|26.111|27.111|29.111|30.111|31.111|33.111|34.111|35.111|36.111|37.111|38.111|39.111,2831,0.8279759802190039,64.24514305898975,1,1,successor,1.0,name_key_global,in_lineage,ALL_TRAIN_PRESENT_COURSES,,20231,pending,TRAIN-supported normalized-name match is catalogued inside the corrected union lineage scope; proposal remains pending.,,,,
111,1427.111,مهارات التفكير والبحث العلمي,مهارات تفكير والبحث علمي,مهارات تفكير والبحث علمي,2.0,2,40.111|41.111|42.111|44.111|45.111|46.111|47.111|48.111|49.111|50.111|51.111|52.111|53.111|54.111|55.111|56.111|57.111|58.111|59.111|60.111|61.111|64.111|65.111,16,shared,26,,,,,,unknown,unknown,,,,,,0,none,,none,,ALL_TRAIN_PRESENT_COURSES,,20231,pending,No TRAIN-present normalized-name predecessor exists in the catalog after structural exclusions.,,,,
111,1428.111,اساسيات الإدارة ومهاراتها,اساسيات اداره ومهاراتها,اساسيات اداره ومهاراتها,2.0,2,40.111|41.111|42.111|44.111|45.111|46.111|47.111|48.111|49.111|50.111|51.111|52.111|53.111|54.111|55.111|56.111|57.111|58.111|59.111|60.111|61.111|64.111|65.111,16,shared,41,,,,,,unknown,unknown,,,,,,0,none,,none,,ALL_TRAIN_PRESENT_COURSES,,20231,pending,No TRAIN-present normalized-name predecessor exists in the catalog after structural exclusions.,,,,
111,1429.111,علم البيئة,علم بييه,علم بييه,2.0,2,40.111|41.111|42.111|44.111|45.111|46.111|47.111|48.111|49.111|50.111|51.111|52.111|53.111|54.111|55.111|56.111|57.111|58.111|59.111|60.111|61.111|64.111|65.111,16,shared,308,1021.111,علم البيئة,علم بييه,2.0,0.0,false,false,1.111|2.111|3.111|4.111|5.111|6.111|7.111|8.111|9.111|10.111|11.111|12.111|13.111|21.111|22.111|24.111|25.111|26.111|27.111|29.111|30.111|31.111|33.111|34.111|35.111|36.111|37.111|38.111|39.111,6026,0.8781944905409891,69.50365084633256,1,1,successor,1.0,name_key_global,in_lineage,ALL_TRAIN_PRESENT_COURSES,,20231,pending,TRAIN-supported normalized-name match is catalogued inside the corrected union lineage scope; proposal remains pending.,,,,
111,1430.111,اللغة الانكليزية - 3,لغه انكليزيه#3,لغه انكليزيه,2.0,2,40.111|41.111|42.111|44.111|45.111|46.111|47.111|48.111|49.111|50.111|51.111|52.111|53.111|54.111|55.111|56.111|57.111|58.111|59.111|60.111|61.111|64.111|65.111,16,shared,3,1015.111,اللغة الانكليزية 3,لغه انكليزيه#3,2.0,0.0,false,false,1.111|2.111|3.111|4.111|5.111|6.111|7.111|8.111|9.111|10.111|11.111|12.111|13.111|21.111|22.111|24.111|25.111|26.111|27.111|29.111|30.111|31.111|33.111|34.111|35.111|36.111|37.111|38.111|39.111,912,0.9144736842105263,75.50877192982456,1,4,consolidated_into,0.7064291247095275,name_key_global,in_lineage,ALL_TRAIN_PRESENT_COURSES,,20231,pending,TRAIN-supported normalized-name match is catalogued inside the corrected union lineage scope; proposal remains pending.,,,,
111,1430.111,اللغة الانكليزية - 3,لغه انكليزيه#3,لغه انكليزيه,2.0,2,40.111|41.111|42.111|44.111|45.111|46.111|47.111|48.111|49.111|50.111|51.111|52.111|53.111|54.111|55.111|56.111|57.111|58.111|59.111|60.111|61.111|64.111|65.111,16,shared,3,847.111,اللغة الانكليزية - 3,لغه انكليزيه#3,3.0,-1.0,true,true,20.111,199,0.7738693467336684,64.58793969849246,2,4,consolidated_into,0.1541440743609605,name_key_global,in_lineage,ALL_TRAIN_PRESENT_COURSES,,20231,pending,TRAIN-supported normalized-name match is catalogued inside the corrected union lineage scope; proposal remains pending.,,,,
111,1430.111,اللغة الانكليزية - 3,لغه انكليزيه#3,لغه انكليزيه,2.0,2,40.111|41.111|42.111|44.111|45.111|46.111|47.111|48.111|49.111|50.111|51.111|52.111|53.111|54.111|55.111|56.111|57.111|58.111|59.111|60.111|61.111|64.111|65.111,16,shared,3,194.111,لغة انكليزية 3,لغه انكليزيه#3,2.0,0.0,false,true,19.111,108,0.5833333333333334,52.23148148148148,3,4,consolidated_into,0.08365608055770721,name_key_global,in_lineage,ALL_TRAIN_PRESENT_COURSES,,20231,pending,TRAIN-supported normalized-name match is catalogued inside the corrected union lineage scope; proposal remains pending.,,,,
111,1430.111,اللغة الانكليزية - 3,لغه انكليزيه#3,لغه انكليزيه,2.0,2,40.111|41.111|42.111|44.111|45.111|46.111|47.111|48.111|49.111|50.111|51.111|52.111|53.111|54.111|55.111|56.111|57.111|58.111|59.111|60.111|61.111|64.111|65.111,16,shared,3,389.111,اللغة الإنكليزية 3,لغه انكليزيه#3,3.0,-1.0,true,true,18.111,72,0.8333333333333334,60.166666666666664,4,4,consolidated_into,0.055770720371804805,name_key_global,in_lineage,ALL_TRAIN_PRESENT_COURSES,,20231,pending,TRAIN-supported normalized-name match is catalogued inside the corrected union lineage scope; proposal remains pending.,,,,
111,1430.111,اللغة الانكليزية - 3,لغه انكليزيه#3,لغه انكليزيه,2.0,2,40.111|41.111|42.111|44.111|45.111|46.111|47.111|48.111|49.111|50.111|51.111|52.111|53.111|54.111|55.111|56.111|57.111|58.111|59.111|60.111|61.111|64.111|65.111,16,shared,3,914.111,اللغة الانكليزية (3),لغه انكليزيه#3,3.0,-1.0,true,true,17.111,1,1.0,78.0,5,4,candidate_below_support,,name_key_global,in_lineage,ALL_TRAIN_PRESENT_COURSES,,20231,pending,"Name-key candidate retained for visibility, but raw TRAIN support 1 is below min_support=20.",,,,
111,1431.111,لغة أجنبية حية ثانية - فرنسية,لغه اجنبيه حيه ثانيه فرنسيه,لغه اجنبيه حيه ثانيه فرنسيه,2.0,2,40.111|41.111|42.111|44.111|45.111|46.111|47.111|48.111|49.111|50.111|51.111|52.111|53.111|54.111|55.111|56.111|57.111|58.111|59.111|60.111|61.111|64.111|65.111,16,shared,2,,,,,,unknown,unknown,,,,,,0,none,,none,,ALL_TRAIN_PRESENT_COURSES,,20231,pending,No TRAIN-present normalized-name predecessor exists in the catalog after structural exclusions.,,,,
111,1433.111,لغة أجنبية حية ثانية - ألمانية,لغه اجنبيه حيه ثانيه مانيه,لغه اجنبيه حيه ثانيه مانيه,2.0,2,40.111|41.111|42.111|44.111|45.111|46.111|47.111|48.111|49.111|50.111|51.111|52.111|53.111|54.111|55.111|56.111|57.111|58.111|59.111|60.111|61.111|64.111|65.111,16,shared,1,,,,,,unknown,unknown,,,,,,0,none,,none,,ALL_TRAIN_PRESENT_COURSES,,20232,pending,No TRAIN-present normalized-name predecessor exists in the catalog after structural exclusions.,,,,
